id,slug,path,commit
ec6711d2-882f-47cb-8493-eb1403c50fa0,/platform/integrations/softphones/connect-signalwire-with-3cx,fern/products/platform/pages/platform/integrations/softphones/connect-signalwire-with-3cx/index.mdx,613aae0ce4fcb5196344102fddd53b42c7a1f125
06b699ed-0f2b-411b-9983-af03f04eec0c,/platform/integrations/softphones/connect-signalwire-with-linphone,fern/products/platform/pages/platform/integrations/softphones/connect-signalwire-with-linphone/index.mdx,613aae0ce4fcb5196344102fddd53b42c7a1f125
e39a5980-fec2-4dcf-9234-088a01f33c2f,/platform/integrations/softphones/microsip-softphone,fern/products/platform/pages/platform/integrations/softphones/microsip-softphone/index.mdx,613aae0ce4fcb5196344102fddd53b42c7a1f125
a0b4a525-8f1a-4147-94b9-c3f15bc53597,/platform/integrations/softphones/set-up-bria-softphone-with-signalwire,fern/products/platform/pages/platform/integrations/softphones/set-up-bria-softphone-with-signalwire.mdx,613aae0ce4fcb5196344102fddd53b42c7a1f125
7328278d-a30d-4f27-ac99-835f1ce1ab0d,/platform/integrations/softphones/set-up-zoiper-softphone-with-signalwire,fern/products/platform/pages/platform/integrations/softphones/set-up-zoiper-softphone-with-signalwire/index.mdx,613aae0ce4fcb5196344102fddd53b42c7a1f125
f76e1005-1887-46e6-ba07-d33aaa3bf998,/platform/basics/guides/getting-started-without-code,fern/products/platform/pages/platform/basics/guides/getting-started-without-code/index.mdx,7c1cadc6
9140ebf8-5731-4a03-965f-89b5d9d8eed3,/platform/basics/guides/how-to-test-api-requests-on-postman,fern/products/platform/pages/platform/basics/guides/how-to-test-api-requests-on-postman/index.mdx,7c1cadc6
5da1e93c-7fa0-4996-aee2-f90e0386e80c,/platform/basics/guides/technical-troubleshooting/creating-a-publically-exposed-webhook,fern/products/platform/pages/platform/basics/guides/technical-troubleshooting/creating-a-publically-exposed-webhook-and-configure-it-to-your-incoming-number/index.mdx,7c1cadc6
a1c382ef-352d-4b14-9d38-bce2e43bc92b,/platform/basics/guides/technical-troubleshooting/how-to-test-webhooks-with-ngrok,fern/products/platform/pages/platform/basics/guides/technical-troubleshooting/how-to-test-webhooks-with-ngrok/index.mdx,7c1cadc6
9bada449-b002-4267-99a3-e7a4a944982a,/platform/basics/guides/webrtc-with-sip-over-websockets,fern/products/platform/pages/platform/basics/guides/webrtc-with-sip-over-websockets/index.mdx,7c1cadc6
012e3be6-4b5b-4d54-85ea-5621cfc89f8d,/platform/basics/security-and-compliance/fraud,fern/products/platform/pages/platform/basics/security-and-compliance/fraud.mdx,7c1cadc6
27e209b9-963d-4b85-9ff0-caefce40a7f3,/platform/basics/security-and-compliance/hipaapci-compliance,fern/products/platform/pages/platform/basics/security-and-compliance/hipaapci-compliance.mdx,7c1cadc6
7844e388-76e9-41d9-b127-0dbccd121b67,/platform/call-fabric/resources/ai-agents,fern/products/platform/pages/platform/call-fabric/resources/ai-agents.mdx,7c1cadc6
9404c083-360c-4b32-b670-d709bfe2af97,/platform/call-fabric/resources/cxml-scripts,fern/products/platform/pages/platform/call-fabric/resources/cxml-scripts.mdx,7c1cadc6
a6d53a6b-f310-4d4b-baa5-52004d614b0b,/platform/call-fabric/resources/dialogflow-agents,fern/products/platform/pages/platform/call-fabric/resources/dialogflow-agents.mdx,7c1cadc6
96d35be3-8fc1-49bd-9684-088fc93e4331,/platform/call-fabric/resources/freeswitch-connectors,fern/products/platform/pages/platform/call-fabric/resources/freeswitch-connectors.mdx,7c1cadc6
147c3d56-2191-43ac-a39a-47a2f36b2abc,/platform/call-fabric/resources/relay-applications,fern/products/platform/pages/platform/call-fabric/resources/relay-applications.mdx,7c1cadc6
5ff87c4e-21cd-4a31-8053-063ef39e3964,/platform/call-fabric/resources/sip-gateways,fern/products/platform/pages/platform/call-fabric/resources/sip-gateways.mdx,7c1cadc6
59b53960-4461-42e2-83a5-5706fbd84767,/platform/call-fabric/resources/subscribers,fern/products/platform/pages/platform/call-fabric/resources/subscribers.mdx,7c1cadc6
3f4bb5d0-047a-445b-9fb4-60beb5a11607,/platform/call-fabric/resources/swml-scripts,fern/products/platform/pages/platform/call-fabric/resources/swml-scripts.mdx,7c1cadc6
2b4c41f3-6ad8-4887-a8dc-19650508c03d,/platform/call-fabric/resources/video-rooms,fern/products/platform/pages/platform/call-fabric/resources/video-rooms.mdx,7c1cadc6
86bfb433-5c22-4a8b-9060-aa2e3dcd0dba,/platform/dashboard/billing,fern/products/platform/pages/platform/dashboard/billing/index.mdx,7c1cadc6
f7ad4b1e-4d15-4244-a054-a4100871c5a4,/platform/dashboard/guides/export-logs-from-your-signalwire-space,fern/products/platform/pages/platform/dashboard/logs/index.mdx,7c1cadc6
a9366853-7014-4153-9142-e2331aba7ccf,/platform/dashboard,fern/products/platform/pages/platform/dashboard/overview.mdx,7c1cadc6
26acce14-7ee9-47ed-b5e6-4df839ed36eb,/platform/integrations/crm/zoho-crm-click-to-call,fern/products/platform/pages/platform/integrations/CRM/zoho-crm-click-to-call/index.mdx,7c1cadc6
0aaf10e0-7c15-47ab-8298-dc774c65d19f,/platform/integrations/pbx-systems/set-up-chan_sip-freepbx-with-signalwire,fern/products/platform/pages/platform/integrations/PBX-Systems/set-up-chan_sip-freepbx-with-signalwire/index.mdx,7c1cadc6
bf4654a7-56d0-43ee-8162-6e779570b6bb,/platform/integrations/carriers/thinq,fern/products/platform/pages/platform/integrations/carriers/bring-your-own-carrier-byoc-thinq/index.mdx,7c1cadc6
2c3cdfb7-ed54-477f-a48c-45fd3e9fd82c,/platform/integrations/dialogflow/dialogflow-agents,fern/products/platform/pages/platform/integrations/dialogflow/dialogflow-agents/index.mdx,7c1cadc6
6126d0d3-39e6-4cea-a070-8ddf822f576b,/platform/integrations/dialogflow/dialogflow-using-nodejs-to-get-caller-id-send-sms,fern/products/platform/pages/platform/integrations/dialogflow/dialogflow-using-nodejs-to-get-caller-id-send-sms.mdx,7c1cadc6
b961d125-20e2-43bb-89db-ba2ab2b0ab32,/platform/integrations/messaging-services/textable,fern/products/platform/pages/platform/integrations/messaging-services/how-to-configure-textable-app-with-your-signalwire-account/index.mdx,7c1cadc6
5e69f7c2-629c-4c62-a1df-3463c2f1d9e7,/platform/integrations/messaging-services/textit,fern/products/platform/pages/platform/integrations/messaging-services/textit/index.mdx,7c1cadc6
da035caa-39a9-41d1-8132-0ad205d30cdf,/platform/integrations/serverless-functions/google-cloud-functions,fern/products/platform/pages/platform/integrations/serverless-functions/google-cloud-functions.mdx,7c1cadc6
1eb3fbed-0873-4027-9fb8-c5e85d8f72df,/platform/integrations/serverless-functions/microsoft-azure-functions,fern/products/platform/pages/platform/integrations/serverless-functions/microsoft-azure-functions.mdx,7c1cadc6
a0ce48b5-e11a-48db-929e-7c50522111fa,/platform/integrations/workflow-tools/how-to-integrate-signalwire-into-integromat,fern/products/platform/pages/platform/integrations/workflow-tools/how-to-integrate-signalwire-into-integromat/index.mdx,7c1cadc6
c0a4410f-7d37-4d2f-b6a9-fd2411ffc0e3,/platform/integrations/workflow-tools/zapier/creating-a-zapier-zap,fern/products/platform/pages/platform/integrations/workflow-tools/zapier/creating-a-zap/index.mdx,7c1cadc6
5cfb029a-ec1e-4583-b365-7db4953d6518,/platform/integrations/workflow-tools/zapier/how-to-use-zapier-webhooks,fern/products/platform/pages/platform/integrations/workflow-tools/zapier/use-webhooks-by-zapier-with-signalwires-apis/index.mdx,7c1cadc6
5f355572-1731-43c9-930b-d8070dd6296f,/platform/phone-numbers/getting-started/buying-a-phone-number,fern/products/platform/pages/platform/phone-numbers/getting-started/buying-a-phone-number/index.mdx,7c1cadc6
84a01d37-b247-456a-a4cf-5645fc10f1ee,/platform/phone-numbers/guides/number-groups,fern/products/platform/pages/platform/phone-numbers/guides/number-groups.mdx,7c1cadc6
1bb80115-6d15-48e8-ba28-07470ebd2327,/platform/phone-numbers/guides/porting-out-of-signalwire,fern/products/platform/pages/platform/phone-numbers/guides/porting-out-of-signalwire.mdx,7c1cadc6
5c76a7c1-a87c-41f3-9587-39d8a2195db9,/platform/phone-numbers/guides/releasing-dids,fern/products/platform/pages/platform/phone-numbers/guides/releasing-dids-1.mdx,7c1cadc6
69e90dfc-c7f4-484d-ac00-24e52afa5bb1,/platform/phone-numbers/guides/transferring-dids,fern/products/platform/pages/platform/phone-numbers/guides/transferring-dids/index.mdx,7c1cadc6
8837dd2e-90e9-4665-9a00-d2d598405e82,/platform/phone-numbers,fern/products/platform/pages/platform/phone-numbers/overview.mdx,7c1cadc6
