old slug (from Docusaurus sitemap),currrent slug,NOTE
/rest/compatibility-api,/compatibility-api/rest,
/rest/compatibility-api/endpoints/calls,,
/rest/compatibility-api/endpoints/create-a-call,/compatibility-api/rest/calls/create-a-call,
/rest/compatibility-api/endpoints/list-all-calls,/compatibility-api/rest/calls/list-all-calls,
/rest/compatibility-api/endpoints/delete-a-call,/compatibility-api/rest/calls/delete-a-call,
/rest/compatibility-api/endpoints/retrieve-a-call,/compatibility-api/rest/calls/retrieve-a-call,
/rest/compatibility-api/endpoints/update-a-call,/compatibility-api/rest/calls/update-a-call,
/compatibility-api/guides/signalwire-status-callbacks/voice-status-callbacks,/compatibility-api/rest/calls/webhooks/voice-status-callback,
/rest/compatibility-api/endpoints/recording-transcriptions,,
/rest/compatibility-api/endpoints/delete-transcription,/compatibility-api/rest/recording-transcriptions/delete-transcription,
/rest/compatibility-api/endpoints/list-transcriptions,/compatibility-api/rest/recording-transcriptions/list-transcriptions,
/rest/compatibility-api/endpoints/retrieve-transcription,/compatibility-api/rest/recording-transcriptions/retrieve-transcription,
/compatibility-api/guides/signalwire-status-callbacks/transcription-status-callbacks,/compatibility-api/rest/recording-transcriptions/webhooks/transcription-status-callback,
/rest/compatibility-api/endpoints/recordings,,
/rest/compatibility-api/endpoints/create-recording,/compatibility-api/rest/recordings/create-recording,
/rest/compatibility-api/endpoints/delete-recording,/compatibility-api/rest/recordings/delete-recording,
/rest/compatibility-api/endpoints/list-recordings,/compatibility-api/rest/recordings/list-recordings,
/rest/compatibility-api/endpoints/retrieve-recording,/compatibility-api/rest/recordings/retrieve-recording,
/rest/compatibility-api/endpoints/update-recording,/compatibility-api/rest/recordings/update-recording,
/compatibility-api/guides/signalwire-status-callbacks/recording-status-callbacks,/compatibility-api/rest/recordings/webhooks/recording-status-callback,
/rest/compatibility-api/endpoints/incoming-phone-numbers,,
/rest/compatibility-api/endpoints/create-incoming-phone-number,/compatibility-api/rest/incoming-phone-numbers/create-incoming-phone-number,
/rest/compatibility-api/endpoints/delete-incoming-phone-number,/compatibility-api/rest/incoming-phone-numbers/delete-incoming-phone-number,
/rest/compatibility-api/endpoints/list-incoming-phone-numbers,/compatibility-api/rest/incoming-phone-numbers/list-incoming-phone-numbers,
/rest/compatibility-api/endpoints/retrieve-incoming-phone-number,/compatibility-api/rest/incoming-phone-numbers/retrieve-incoming-phone-number,
/rest/compatibility-api/endpoints/update-incoming-phone-number,/compatibility-api/rest/incoming-phone-numbers/update-incoming-phone-number,
/compatibility-api/rest/c-xml-scripts/create-cxml-application,/compatibility-api/rest/cxml-scripts/create-cxml-script,
/rest/compatibility-api/endpoints/messages,,
/rest/compatibility-api/endpoints/list-messages,/compatibility-api/rest/messages/list-messages,
/rest/compatibility-api/endpoints/create-message,/compatibility-api/rest/messages/create-message,
/rest/compatibility-api/endpoints/delete-message,/compatibility-api/rest/messages/delete-message,
/rest/compatibility-api/endpoints/retrieve-message,/compatibility-api/rest/messages/retrieve-message,
/rest/compatibility-api/endpoints/update-message,/compatibility-api/rest/messages/update-message,
/compatibility-api/guides/signalwire-status-callbacks/sms-status-callbacks,/compatibility-api/rest/messages/webhooks/sms-status-callback,
/rest/compatibility-api/endpoints/accounts,,
/rest/compatibility-api/endpoints/list-accounts,/compatibility-api/rest/accounts/list-accounts,
/rest/compatibility-api/endpoints/get-account,/compatibility-api/rest/accounts/get-account,
/rest/compatibility-api/endpoints/update-account,/compatibility-api/rest/accounts/update-account,
/rest/compatibility-api/endpoints/create-subprojects,/compatibility-api/rest/accounts/create-subprojects,
/rest/compatibility-api/endpoints/applications,,
/rest/compatibility-api/endpoints/delete-application,/compatibility-api/rest/applications/delete-application,
/rest/compatibility-api/endpoints/get-application,/compatibility-api/rest/applications/get-application,
/rest/compatibility-api/endpoints/update-application,/compatibility-api/rest/applications/update-application,
/rest/compatibility-api/endpoints/create-application,/compatibility-api/rest/applications/create-application,
/rest/compatibility-api/endpoints/list-applications,/compatibility-api/rest/applications/list-applications,
/rest/compatibility-api/endpoints/available-phone-numbers,,
/rest/compatibility-api/endpoints/list-available-phone-number-resources,/compatibility-api/rest/available-phone-numbers/list-available-phone-number-resources,
/rest/compatibility-api/endpoints/list-available-phone-number-resources-by-country,/compatibility-api/rest/available-phone-numbers/list-available-phone-number-resources-by-country,
/rest/compatibility-api/endpoints/search-toll-free-available-phone-numbers,/compatibility-api/rest/available-phone-numbers/search-toll-free-available-phone-numbers,
/rest/compatibility-api/endpoints/search-local-available-phone-numbers,/compatibility-api/rest/available-phone-numbers/search-local-available-phone-numbers,
/rest/compatibility-api/endpoints/streams,,
/rest/compatibility-api/endpoints/create-stream,/compatibility-api/rest/streams/create-stream,
/rest/compatibility-api/endpoints/update-stream,/compatibility-api/rest/streams/update-stream,
/rest/compatibility-api/endpoints/conferences,,
/rest/compatibility-api/endpoints/list-all-conferences,/compatibility-api/rest/conferences/list-all-conferences,
/rest/compatibility-api/endpoints/retrieve-conference,/compatibility-api/rest/conferences/retrieve-conference,
/rest/compatibility-api/endpoints/update-conference,/compatibility-api/rest/conferences/update-conference,
/rest/compatibility-api/endpoints/conference-participants,,
/rest/compatibility-api/endpoints/list-all-participants,/compatibility-api/rest/conference-participants/list-all-participants,
/rest/compatibility-api/endpoints/retrieve-participant,/compatibility-api/rest/conference-participants/retrieve-participant,
/rest/compatibility-api/endpoints/update-participant,/compatibility-api/rest/conference-participants/update-participant,
/rest/compatibility-api/endpoints/delete-participant,/compatibility-api/rest/conference-participants/delete-participant,
/rest/compatibility-api/endpoints/tokens,,
/rest/compatibility-api/endpoints/create-token,/compatibility-api/rest/tokens/create-token,
/rest/compatibility-api/endpoints/delete-token,/compatibility-api/rest/tokens/delete-token,
/rest/compatibility-api/endpoints/update-token,/compatibility-api/rest/tokens/update-token,
/rest/compatibility-api/endpoints/queue-members,,
/rest/compatibility-api/endpoints/list-all-queue-members,/compatibility-api/rest/queue-members/list-all-queue-members,
/rest/compatibility-api/endpoints/retrieve-queue-member,/compatibility-api/rest/queue-members/retrieve-queue-member,
/rest/compatibility-api/endpoints/update-queue-member,/compatibility-api/rest/queue-members/update-queue-member,
/rest/compatibility-api/endpoints/queues,,
/rest/compatibility-api/endpoints/create-queue,/compatibility-api/rest/queues/create-queue,
/rest/compatibility-api/endpoints/delete-queue,/compatibility-api/rest/queues/delete-queue,
/rest/compatibility-api/endpoints/list-queues,/compatibility-api/rest/queues/list-queues,
/rest/compatibility-api/endpoints/retrieve-queue,/compatibility-api/rest/queues/retrieve-queue,
/rest/compatibility-api/endpoints/update-queue,/compatibility-api/rest/queues/update-queue,
/rest/compatibility-api/endpoints/media,,
/rest/compatibility-api/endpoints/delete-message-media,/compatibility-api/rest/message-media/delete-message-media,
/rest/compatibility-api/endpoints/list-media,/compatibility-api/rest/message-media/list-media,
/rest/compatibility-api/endpoints/retrieve-media,/compatibility-api/rest/message-media/retrieve-media,
/rest/compatibility-api/endpoints/c-xml-bins,,
/rest/compatibility-api/endpoints/delete-cxml-application,/compatibility-api/rest/cxml-scripts/delete-cxml-script,
/rest/compatibility-api/endpoints/list-cxml-applications,/compatibility-api/rest/cxml-scripts/list-cxml-scripts,
/rest/compatibility-api/endpoints/retrieve-cxml-application,/compatibility-api/rest/cxml-scripts/retrieve-cxml-script,
/rest/compatibility-api/endpoints/update-cxml-application,/compatibility-api/rest/cxml-scripts/update-cxml-script,
/rest/compatibility-api/endpoints/create-cxml-application,/compatibility-api/rest/cxml-scripts/create-cxml-script,
/rest/compatibility-api/endpoints/create-imported-phone-number,/compatibility-api/rest/imported-phone-numbers/create-imported-phone-number,
/rest/compatibility-api/endpoints/fax-media,,
/rest/compatibility-api/endpoints/list-all-fax-media,/compatibility-api/rest/fax-media/list-all-fax-media,
/rest/compatibility-api/endpoints/delete-fax-media,/compatibility-api/rest/fax-media/delete-fax-media,
/rest/compatibility-api/endpoints/retrieve-medias,/compatibility-api/rest/fax-media/retrieve-medias,
/rest/compatibility-api/endpoints/faxes,,
/rest/compatibility-api/endpoints/list-all-faxes,/compatibility-api/rest/faxes/list-all-faxes,
/rest/compatibility-api/endpoints/retrieve-fax,/compatibility-api/rest/faxes/retrieve-fax,
/rest/compatibility-api/endpoints/send-fax,/compatibility-api/rest/faxes/send-fax,
/rest/compatibility-api/endpoints/update-fax,/compatibility-api/rest/faxes/update-fax,
/rest/compatibility-api/endpoints/delete-fax,/compatibility-api/rest/faxes/delete-fax,
/rest/compatibility-api/endpoints/conference-streams,,rename
/rest/compatibility-api/endpoints/update-conference-stream,/compatibility-api/rest/conference-streams/update-conference-stream,
/rest/compatibility-api/endpoints/create-conference-stream,/compatibility-api/rest/conference-streams/create-conference-stream,
/rest/signalwire-rest,,
/rest/signalwire-rest/endpoints,,
/rest/signalwire-rest/endpoints/calling,,
/rest/signalwire-rest/endpoints/calling/call-commands,/apis/calling/calls/call-commands,
/rest/signalwire-rest/endpoints/calling/calling-api,,
/rest/signalwire-rest/endpoints/calling/calls,,
/rest/signalwire-rest/endpoints/chat,,
/rest/signalwire-rest/endpoints/chat/chat-api,,
/rest/signalwire-rest/endpoints/chat/chat-tokens-create,/apis/chat/tokens/create-chat-token,
/rest/signalwire-rest/endpoints/chat/tokens,,
/rest/signalwire-rest/endpoints/datasphere,,
/rest/signalwire-rest/endpoints/datasphere/chunks,,
/rest/signalwire-rest/endpoints/datasphere/chunks-delete,/apis/datasphere/chunks/delete-document-chunk,
/rest/signalwire-rest/endpoints/datasphere/chunks-get,/apis/datasphere/chunks/get-document-chunk,
/rest/signalwire-rest/endpoints/datasphere/chunks-list,/apis/datasphere/chunks/list-document-chunks,
/rest/signalwire-rest/endpoints/datasphere/datasphere-api,,
/rest/signalwire-rest/endpoints/datasphere/documents,,
/rest/signalwire-rest/endpoints/datasphere/documents-create,/apis/datasphere/documents/create-document,
/rest/signalwire-rest/endpoints/datasphere/documents-delete,/apis/datasphere/documents/delete-document,
/rest/signalwire-rest/endpoints/datasphere/documents-list,/apis/datasphere/documents/list-documents,
/rest/signalwire-rest/endpoints/datasphere/documents-search,/apis/datasphere/documents/search-documents,
/rest/signalwire-rest/endpoints/datasphere/documents-update,/apis/datasphere/documents/update-document,
/rest/signalwire-rest/endpoints/fabric,,
/rest/signalwire-rest/endpoints/fabric/ai-agent-addresses-list,/apis/fabric/ai-agents-custom/list-ai-agent-addresses,
/rest/signalwire-rest/endpoints/fabric/ai-agents-create,/apis/fabric/ai-agents-custom/create-ai-agent,
/rest/signalwire-rest/endpoints/fabric/ai-agents-custom,,
/rest/signalwire-rest/endpoints/fabric/ai-agents-delete,/apis/fabric/ai-agents-custom/delete-ai-agent,
/rest/signalwire-rest/endpoints/fabric/ai-agents-dialogflow,,
/rest/signalwire-rest/endpoints/fabric/ai-agents-list,/apis/fabric/ai-agents-custom/list-ai-agents,
/rest/signalwire-rest/endpoints/fabric/ai-agents-read,/apis/fabric/ai-agents-custom/get-ai-agent,
/rest/signalwire-rest/endpoints/fabric/ai-agents-update,/apis/fabric/ai-agents-custom/update-ai-agent,
/rest/signalwire-rest/endpoints/fabric/call-fabric-api,,
/rest/signalwire-rest/endpoints/fabric/call-flow-addresses-list,/apis/fabric/call-flows/list-call-flow-addresses,
/rest/signalwire-rest/endpoints/fabric/call-flow-versions-deploy,/apis/fabric/call-flows/deploy-call-flow-version,
/rest/signalwire-rest/endpoints/fabric/call-flow-versions-list,/apis/fabric/call-flows/list-call-flow-versions,
/rest/signalwire-rest/endpoints/fabric/call-flows,,
/rest/signalwire-rest/endpoints/fabric/call-flows-create,/apis/fabric/call-flows/create-call-flow,
/rest/signalwire-rest/endpoints/fabric/call-flows-delete,/apis/fabric/call-flows/delete-call-flow,
/rest/signalwire-rest/endpoints/fabric/call-flows-list,/apis/fabric/call-flows/list-call-flows,
/rest/signalwire-rest/endpoints/fabric/call-flows-read,/apis/fabric/call-flows/get-call-flow,
/rest/signalwire-rest/endpoints/fabric/call-flows-update,/apis/fabric/call-flows/update-call-flow,
/rest/signalwire-rest/endpoints/fabric/conference-room-addresses-list,/apis/fabric/conference-rooms/list-conference-room-addresses,
/rest/signalwire-rest/endpoints/fabric/conference-rooms,,
/rest/signalwire-rest/endpoints/fabric/conference-rooms-create,/apis/fabric/conference-rooms/create-conference-room,
/rest/signalwire-rest/endpoints/fabric/conference-rooms-delete,/apis/fabric/conference-rooms/delete-conference-room,
/rest/signalwire-rest/endpoints/fabric/conference-rooms-list,/apis/fabric/conference-rooms/list-conference-rooms,
/rest/signalwire-rest/endpoints/fabric/conference-rooms-read,/apis/fabric/conference-rooms/get-conference-room,
/rest/signalwire-rest/endpoints/fabric/conference-rooms-update,/apis/fabric/conference-rooms/update-conference-room,
/rest/signalwire-rest/endpoints/fabric/cxml-application-addresses-list,/apis/fabric/cxml-applications/list-cxml-application-addresses,
/rest/signalwire-rest/endpoints/fabric/cxml-applications,,
/rest/signalwire-rest/endpoints/fabric/cxml-applications-delete,/apis/fabric/cxml-applications/delete-cxml-application,
/rest/signalwire-rest/endpoints/fabric/cxml-applications-list,/apis/fabric/cxml-applications/list-cxml-applications,
/rest/signalwire-rest/endpoints/fabric/cxml-applications-read,/apis/fabric/cxml-applications/get-cxml-application,
/rest/signalwire-rest/endpoints/fabric/cxml-applications-update,/apis/fabric/cxml-applications/update-cxml-application,
/rest/signalwire-rest/endpoints/fabric/cxml-script-addresses-list,/apis/fabric/cxml-scripts/list-cxml-script-addresses,
/rest/signalwire-rest/endpoints/fabric/cxml-scripts,,
/rest/signalwire-rest/endpoints/fabric/cxml-scripts-create,/apis/fabric/cxml-scripts/create-cxml-script,
/rest/signalwire-rest/endpoints/fabric/cxml-scripts-delete,/apis/fabric/cxml-scripts/delete-cxml-script,
/rest/signalwire-rest/endpoints/fabric/cxml-scripts-list,/apis/fabric/cxml-scripts/list-cxml-scripts,
/rest/signalwire-rest/endpoints/fabric/cxml-scripts-read,/apis/fabric/cxml-scripts/get-cxml-script,
/rest/signalwire-rest/endpoints/fabric/cxml-scripts-update,/apis/fabric/cxml-scripts/update-cxml-script,
/rest/signalwire-rest/endpoints/fabric/cxml-webhook,,
/rest/signalwire-rest/endpoints/fabric/cxml-webhook-addresses-list,/apis/fabric/cxml-webhook/list-cxml-webhook-addresses,
/rest/signalwire-rest/endpoints/fabric/cxml-webhooks-create,/apis/fabric/cxml-webhook/create-cxml-webhook,
/rest/signalwire-rest/endpoints/fabric/cxml-webhooks-delete,/apis/fabric/cxml-webhook/delete-cxml-webhook,
/rest/signalwire-rest/endpoints/fabric/cxml-webhooks-list,/apis/fabric/cxml-webhook/list-cxml-webhooks,
/rest/signalwire-rest/endpoints/fabric/cxml-webhooks-read,/apis/fabric/cxml-webhook/get-cxml-webhook,
/rest/signalwire-rest/endpoints/fabric/cxml-webhooks-update,/apis/fabric/cxml-webhook/update-cxml-webhook,
/rest/signalwire-rest/endpoints/fabric/dialogflow-agent-addresses-list,/apis/fabric/ai-agents-dialogflow/list-dialogflow-agent-addresses,
/rest/signalwire-rest/endpoints/fabric/dialogflow-agents-delete,/apis/fabric/ai-agents-dialogflow/delete-dialogflow-agent,
/rest/signalwire-rest/endpoints/fabric/dialogflow-agents-list,/apis/fabric/ai-agents-dialogflow/list-dialogflow-agents,
/rest/signalwire-rest/endpoints/fabric/dialogflow-agents-read,/apis/fabric/ai-agents-dialogflow/get-dialogflow-agent,
/rest/signalwire-rest/endpoints/fabric/dialogflow-agents-update,/apis/fabric/ai-agents-dialogflow/update-dialogflow-agent,
/rest/signalwire-rest/endpoints/fabric/domain-applications,,
/rest/signalwire-rest/endpoints/fabric/domain-applications-assign,/apis/fabric/domain-applications/assign-resource-domain-application,
/rest/signalwire-rest/endpoints/fabric/embeds-tokens,,
/rest/signalwire-rest/endpoints/fabric/embeds-tokens-create,/apis/fabric/embeds-tokens/create-embeds-token,
/rest/signalwire-rest/endpoints/fabric/fabric-address,,
/rest/signalwire-rest/endpoints/fabric/fabric-addresses-list,/apis/fabric/fabric-address/list-fabric-addresses,
/rest/signalwire-rest/endpoints/fabric/fabric-addresses-read,/apis/fabric/fabric-address/get-fabric-address,
/rest/signalwire-rest/endpoints/fabric/free-switch-connector,,
/rest/signalwire-rest/endpoints/fabric/freeswitch-connector-addresses-list,/apis/fabric/freeswitch-connector/list-freeswitch-connector-addresses,
/rest/signalwire-rest/endpoints/fabric/freeswitch-connectors-create,/apis/fabric/freeswitch-connector/create-freeswitch-connector,
/rest/signalwire-rest/endpoints/fabric/freeswitch-connectors-delete,/apis/fabric/freeswitch-connector/delete-freeswitch-connector,
/rest/signalwire-rest/endpoints/fabric/freeswitch-connectors-list,/apis/fabric/freeswitch-connector/list-freeswitch-connectors,
/rest/signalwire-rest/endpoints/fabric/freeswitch-connectors-read,/apis/fabric/freeswitch-connector/get-freeswitch-connector,
/rest/signalwire-rest/endpoints/fabric/freeswitch-connectors-update,/apis/fabric/freeswitch-connector/update-freeswitch-connector,
/rest/signalwire-rest/endpoints/fabric/guest-tokens-create,/apis/fabric/subscribers-tokens/create-subscriber-guest-token,
/rest/signalwire-rest/endpoints/fabric/invite-tokens-create,/apis/fabric/subscribers-tokens/create-subscriber-invite-token,
/rest/signalwire-rest/endpoints/fabric/phone-routes,,
/rest/signalwire-rest/endpoints/fabric/phone-routes-assign,/apis/fabric/phone-routes/assign-resource-phone-route,
/rest/signalwire-rest/endpoints/fabric/refresh-tokens-create,/apis/fabric/subscribers-tokens/refresh-subscriber-token,
/rest/signalwire-rest/endpoints/fabric/relay-application,,
/rest/signalwire-rest/endpoints/fabric/relay-application-addresses-list,/apis/fabric/relay-application/list-relay-application-addresses,
/rest/signalwire-rest/endpoints/fabric/relay-application-addresses-read-addresses-by-resource-id,/apis/fabric/relay-application/get-relay-application,
/rest/signalwire-rest/endpoints/fabric/relay-applications-create,/apis/fabric/relay-application/create-relay-application,
/rest/signalwire-rest/endpoints/fabric/relay-applications-delete,/apis/fabric/relay-application/delete-relay-application,
/rest/signalwire-rest/endpoints/fabric/relay-applications-list,/apis/fabric/relay-application/list-relay-applications,
/rest/signalwire-rest/endpoints/fabric/relay-applications-read,/apis/fabric/relay-application/get-relay-application,
/rest/signalwire-rest/endpoints/fabric/relay-applications-update,/apis/fabric/relay-application/update-relay-application,
/rest/signalwire-rest/endpoints/fabric/resource-addresses-list,/apis/fabric/resources/list-resource-addresses,
/rest/signalwire-rest/endpoints/fabric/resource-sip-endpoints-assign,/apis/fabric/sip-endpoints/assign-resource-sip-endpoint,
/rest/signalwire-rest/endpoints/fabric/resources,,
/rest/signalwire-rest/endpoints/fabric/resources-delete,/apis/fabric/resources/delete-resource,
/rest/signalwire-rest/endpoints/fabric/resources-list,/apis/fabric/resources/list-resources,
/rest/signalwire-rest/endpoints/fabric/resources-read,/apis/fabric/resources/get-resource,
/rest/signalwire-rest/endpoints/fabric/sip-endpoint-addresses-list,/apis/fabric/sip-endpoints/list-sip-endpoint-addresses,
/rest/signalwire-rest/endpoints/fabric/sip-endpoints,,
/rest/signalwire-rest/endpoints/fabric/sip-endpoints-create,/apis/fabric/sip-endpoints/create-sip-endpoint,
/rest/signalwire-rest/endpoints/fabric/sip-endpoints-delete,/apis/fabric/sip-endpoints/delete-sip-endpoint,
/rest/signalwire-rest/endpoints/fabric/sip-endpoints-list,/apis/fabric/sip-endpoints/list-sip-endpoints,
/rest/signalwire-rest/endpoints/fabric/sip-endpoints-read,/apis/fabric/sip-endpoints/get-sip-endpoint,
/rest/signalwire-rest/endpoints/fabric/sip-endpoints-update,/apis/fabric/sip-endpoints/update-sip-endpoint,
/rest/signalwire-rest/endpoints/fabric/sip-gateway,,
/rest/signalwire-rest/endpoints/fabric/sip-gateways-create,/apis/fabric/sip-gateway/create-sip-gateway,
/rest/signalwire-rest/endpoints/fabric/sip-gateways-delete,/apis/fabric/sip-gateway/delete-sip-gateway,
/rest/signalwire-rest/endpoints/fabric/sip-gateways-list,/apis/fabric/sip-gateway/list-sip-gateways,
/rest/signalwire-rest/endpoints/fabric/sip-gateways-read,/apis/fabric/sip-gateway/get-sip-gateway,
/rest/signalwire-rest/endpoints/fabric/sip-gateways-update,/apis/fabric/sip-gateway/update-sip-gateway,
/rest/signalwire-rest/endpoints/fabric/subscriber-addresses-list,/apis/fabric/subscribers/list-subscriber-addresses,
/rest/signalwire-rest/endpoints/fabric/subscriber-sip-endpoint-create,/apis/fabric/subscribers-sip-endpoints/create-subscriber-sip-endpoint,
/rest/signalwire-rest/endpoints/fabric/subscriber-sip-endpoint-delete,/apis/fabric/subscribers-sip-endpoints/delete-subscriber-sip-endpoint,
/rest/signalwire-rest/endpoints/fabric/subscriber-sip-endpoint-list,/apis/fabric/subscribers-sip-endpoints/list-subscriber-sip-endpoints,
/rest/signalwire-rest/endpoints/fabric/subscriber-sip-endpoint-read,/apis/fabric/subscribers-sip-endpoints/get-subscriber-sip-endpoint,
/rest/signalwire-rest/endpoints/fabric/subscriber-sip-endpoint-update,/apis/fabric/subscribers-sip-endpoints/update-subscriber-sip-endpoint,
/rest/signalwire-rest/endpoints/fabric/subscriber-tokens-create,/apis/fabric/subscribers/create-subscriber-token,
/rest/signalwire-rest/endpoints/fabric/subscribers,,
/rest/signalwire-rest/endpoints/fabric/subscribers-create,/apis/fabric/subscribers/create-subscriber,
/rest/signalwire-rest/endpoints/fabric/subscribers-delete,/apis/fabric/subscribers/delete-subscriber,
/rest/signalwire-rest/endpoints/fabric/subscribers-get,/apis/fabric/subscribers/get-subscriber,
/rest/signalwire-rest/endpoints/fabric/subscribers-list,/apis/fabric/subscribers/list-subscribers,
/rest/signalwire-rest/endpoints/fabric/subscribers-sip-endpoints,,
/rest/signalwire-rest/endpoints/fabric/subscribers-tokens,,
/rest/signalwire-rest/endpoints/fabric/subscribers-update,/apis/fabric/subscribers/update-subscriber,
/rest/signalwire-rest/endpoints/fabric/swml-script-addresses-list,/apis/fabric/swml-scripts/list-swml-script-addresses,
/rest/signalwire-rest/endpoints/fabric/swml-scripts,,
/rest/signalwire-rest/endpoints/fabric/swml-scripts-create,/apis/fabric/swml-scripts/create-swml-script,
/rest/signalwire-rest/endpoints/fabric/swml-scripts-delete,/apis/fabric/swml-scripts/delete-swml-script,
/rest/signalwire-rest/endpoints/fabric/swml-scripts-list,/apis/fabric/swml-scripts/list-swml-scripts,
/rest/signalwire-rest/endpoints/fabric/swml-scripts-read,/apis/fabric/swml-scripts/get-swml-script,
/rest/signalwire-rest/endpoints/fabric/swml-scripts-update,/apis/fabric/swml-scripts/update-swml-script,
/rest/signalwire-rest/endpoints/fabric/swml-webhook,,
/rest/signalwire-rest/endpoints/fabric/swml-webhook-addresses-list,/apis/fabric/swml-webhook/list-swml-webhook-addresses,
/rest/signalwire-rest/endpoints/fabric/swml-webhooks-create,/apis/fabric/swml-webhook/create-swml-webhook,
/rest/signalwire-rest/endpoints/fabric/swml-webhooks-delete,/apis/fabric/swml-webhook/delete-swml-webhook,
/rest/signalwire-rest/endpoints/fabric/swml-webhooks-list,/apis/fabric/swml-webhook/list-swml-webhooks,
/rest/signalwire-rest/endpoints/fabric/swml-webhooks-read,/apis/fabric/swml-webhook/get-swml-webhook,
/rest/signalwire-rest/endpoints/fabric/swml-webhooks-update,/apis/fabric/swml-webhook/update-swml-webhook,
/rest/signalwire-rest/endpoints/fax,,
/rest/signalwire-rest/endpoints/fax/fax-api,,
/rest/signalwire-rest/endpoints/fax/logs,,
/rest/signalwire-rest/endpoints/fax/logs-list,/apis/fax/logs/list-fax-logs,
/rest/signalwire-rest/endpoints/fax/logs-read,/apis/fax/logs/get-fax-log,
/rest/signalwire-rest/endpoints/logs,,
/rest/signalwire-rest/endpoints/logs/conferences,,
/rest/signalwire-rest/endpoints/logs/conferences-list,/apis/logs/conferences/list-conferences,
/rest/signalwire-rest/endpoints/logs/logs-api,,
/rest/signalwire-rest/endpoints/messaging,,
/rest/signalwire-rest/endpoints/messaging/logs,,
/rest/signalwire-rest/endpoints/messaging/logs-list,/apis/message/logs/list-message-logs,
/rest/signalwire-rest/endpoints/messaging/logs-retrieve,/apis/message/logs/get-message-log,
/rest/signalwire-rest/endpoints/messaging/message-api,,
/rest/signalwire-rest/endpoints/project,,
/rest/signalwire-rest/endpoints/project/create-token,/apis/project/tokens/create-token,
/rest/signalwire-rest/endpoints/project/delete-token,/apis/project/tokens/delete-token,
/rest/signalwire-rest/endpoints/project/project-api,,
/rest/signalwire-rest/endpoints/project/tokens,,
/rest/signalwire-rest/endpoints/project/update-token,/apis/project/tokens/update-token,
/rest/signalwire-rest/endpoints/pubsub,,
/rest/signalwire-rest/endpoints/pubsub/create-token,/apis/pubsub/tokens/create-token,
/rest/signalwire-rest/endpoints/pubsub/pubsub-api,,
/rest/signalwire-rest/endpoints/pubsub/tokens,,
/rest/signalwire-rest/endpoints/space,,
/rest/signalwire-rest/endpoints/space/addresses,,
/rest/signalwire-rest/endpoints/space/campaign-registry-beta,,
/rest/signalwire-rest/endpoints/space/create-a-queue,/apis/relay-rest/queues/create-queue,
/rest/signalwire-rest/endpoints/space/create-address,/apis/relay-rest/addresses/create-address,
/rest/signalwire-rest/endpoints/space/create-brand,/apis/relay-rest/campaign-registry/create-brand,
/rest/signalwire-rest/endpoints/space/create-campaign,/apis/relay-rest/campaign-registry/create-campaign,
/rest/signalwire-rest/endpoints/space/create-domain-application,/apis/relay-rest/domain-applications/create-domain-application,
/rest/signalwire-rest/endpoints/space/create-imported-phone-number,/apis/relay-rest/imported-phone-numbers/create-imported-phone-number,
/rest/signalwire-rest/endpoints/space/create-number-group,/apis/relay-rest/number-groups/create-number-group,
/rest/signalwire-rest/endpoints/space/create-number-group-membership,/apis/relay-rest/number-group-membership/create-number-group-membership,
/rest/signalwire-rest/endpoints/space/create-order,/apis/relay-rest/campaign-registry/create-order,
/rest/signalwire-rest/endpoints/space/create-sip-endpoint,/apis/fabric/sip-endpoints/create-sip-endpoint,
/rest/signalwire-rest/endpoints/space/create-verified-caller-id,/apis/relay-rest/verified-caller-id/create-verified-caller-id,
/rest/signalwire-rest/endpoints/space/delete-a-queue,/apis/relay-rest/queues/delete-queue,
/rest/signalwire-rest/endpoints/space/delete-address,/apis/relay-rest/addresses/delete-address,
/rest/signalwire-rest/endpoints/space/delete-domain-application,/apis/relay-rest/domain-applications/delete-domain-application,
/rest/signalwire-rest/endpoints/space/delete-number-assignment,/apis/relay-rest/campaign-registry/delete-number-assignment,
/rest/signalwire-rest/endpoints/space/delete-number-group,/apis/relay-rest/number-groups/delete-number-group,
/rest/signalwire-rest/endpoints/space/delete-number-group-membership,/apis/relay-rest/number-group-membership/delete-number-group-membership,
/rest/signalwire-rest/endpoints/space/delete-sip-endpoint,/apis/relay-rest/sip-endpoints/delete-sip-endpoint,
/rest/signalwire-rest/endpoints/space/delete-verified-caller-id,/apis/relay-rest/verified-caller-id/delete-verified-caller-id,
/rest/signalwire-rest/endpoints/space/domain-applications,,
/rest/signalwire-rest/endpoints/space/get-address,/apis/relay-rest/addresses/get-address,
/rest/signalwire-rest/endpoints/space/imported-phone-numbers,,
/rest/signalwire-rest/endpoints/space/list-addresses,/apis/relay-rest/addresses/list-addresses,
/rest/signalwire-rest/endpoints/space/list-brands,/apis/relay-rest/campaign-registry/list-brands,
/rest/signalwire-rest/endpoints/space/list-campaigns,/apis/relay-rest/campaign-registry/list-campaigns,
/rest/signalwire-rest/endpoints/space/list-domain-applications,/apis/relay-rest/domain-applications/list-domain-applications,
/rest/signalwire-rest/endpoints/space/list-number-assignments,/apis/relay-rest/campaign-registry/list-number-assignments,
/rest/signalwire-rest/endpoints/space/list-number-group-memberships,/apis/relay-rest/number-group-membership/list-number-group-memberships,
/rest/signalwire-rest/endpoints/space/list-number-groups,/apis/relay-rest/number-groups/list-number-groups,
/rest/signalwire-rest/endpoints/space/list-orders,/apis/relay-rest/campaign-registry/list-orders,
/rest/signalwire-rest/endpoints/space/list-phone-numbers,/apis/relay-rest/phone-numbers/list-phone-numbers,
/rest/signalwire-rest/endpoints/space/list-queue-members,/apis/relay-rest/queue-members/list-queue-members,
/rest/signalwire-rest/endpoints/space/list-queues,/apis/relay-rest/queues/list-queues,
/rest/signalwire-rest/endpoints/space/list-sip-endpoints,/apis/relay-rest/sip-endpoints/list-sip-endpoints,
/rest/signalwire-rest/endpoints/space/list-verified-caller-ids,/apis/relay-rest/verified-caller-id/list-verified-caller-ids,
/rest/signalwire-rest/endpoints/space/lookup-phone-number,/apis/relay-rest/phone-number-lookup/lookup-phone-number,
/rest/signalwire-rest/endpoints/space/multi-factor-authentication,,
/rest/signalwire-rest/endpoints/space/number-group-membership,,
/rest/signalwire-rest/endpoints/space/number-groups,,
/rest/signalwire-rest/endpoints/space/phone-number-lookup,,
/rest/signalwire-rest/endpoints/space/phone-numbers,,
/rest/signalwire-rest/endpoints/space/purchase-phone-number,/apis/relay-rest/phone-numbers/purchase-phone-number,
/rest/signalwire-rest/endpoints/space/queues,,
/rest/signalwire-rest/endpoints/space/recordings,,
/rest/signalwire-rest/endpoints/space/recordings-delete,/apis/relay-rest/recordings/delete-recording,
/rest/signalwire-rest/endpoints/space/recordings-get,/apis/relay-rest/recordings/get-recording,
/rest/signalwire-rest/endpoints/space/recordings-list,/apis/relay-rest/recordings/list-recordings,
/rest/signalwire-rest/endpoints/space/redial-verification-call,/apis/relay-rest/verified-caller-id/redial-verification-call,
/rest/signalwire-rest/endpoints/space/relay-rest-api-previous-version,,
/rest/signalwire-rest/endpoints/space/release-phone-number,/apis/relay-rest/phone-numbers/release-phone-number,
/rest/signalwire-rest/endpoints/space/request-mfa-call,/apis/relay-rest/multi-factor-authentication/request-mfa-call,
/rest/signalwire-rest/endpoints/space/request-mfa-sms,/apis/relay-rest/multi-factor-authentication/request-mfa-sms,
/rest/signalwire-rest/endpoints/space/retrieve-a-queue,/apis/relay-rest/queues/get-queue,
/rest/signalwire-rest/endpoints/space/retrieve-brand,/apis/relay-rest/campaign-registry/retrieve-brand,
/rest/signalwire-rest/endpoints/space/retrieve-campaign,/apis/relay-rest/campaign-registry/retrieve-campaign,
/rest/signalwire-rest/endpoints/space/retrieve-domain-application,/apis/relay-rest/domain-applications/retrieve-domain-application,
/rest/signalwire-rest/endpoints/space/retrieve-next-queue-member,/apis/relay-rest/queue-members/retrieve-next-queue-member,
/rest/signalwire-rest/endpoints/space/retrieve-number-group,/apis/relay-rest/number-groups/retrieve-number-group,
/rest/signalwire-rest/endpoints/space/retrieve-number-group-membership,/apis/relay-rest/number-group-membership/retrieve-number-group-membership,
/rest/signalwire-rest/endpoints/space/retrieve-order,/apis/relay-rest/campaign-registry/retrieve-order,
/rest/signalwire-rest/endpoints/space/retrieve-phone-number,/apis/relay-rest/phone-numbers/retrieve-phone-number,
/rest/signalwire-rest/endpoints/space/retrieve-queue-member,/apis/relay-rest/queue-members/retrieve-queue-member,
/rest/signalwire-rest/endpoints/space/retrieve-sip-endpoint,/apis/relay-rest/sip-endpoints/retrieve-sip-endpoint,
/rest/signalwire-rest/endpoints/space/retrieve-sip-profile,/apis/relay-rest/sip-profile/retrieve-sip-profile,
/rest/signalwire-rest/endpoints/space/retrieve-verified-caller-id,/apis/relay-rest/verified-caller-id/retrieve-verified-caller-id,
/rest/signalwire-rest/endpoints/space/search-available-phone-numbers,/apis/relay-rest/phone-numbers/search-available-phone-numbers,
/rest/signalwire-rest/endpoints/space/sip-endpoints,,
/rest/signalwire-rest/endpoints/space/sip-profile,,
/rest/signalwire-rest/endpoints/space/update-a-queue,/apis/relay-rest/queues/update-queue,
/rest/signalwire-rest/endpoints/space/update-campaign,/apis/relay-rest/campaign-registry/update-campaign,
/rest/signalwire-rest/endpoints/space/update-domain-application,/apis/relay-rest/domain-applications/update-domain-application,
/rest/signalwire-rest/endpoints/space/update-number-group,/apis/relay-rest/number-groups/update-number-group,
/rest/signalwire-rest/endpoints/space/update-phone-number,/apis/relay-rest/phone-numbers/update-phone-number,
/rest/signalwire-rest/endpoints/space/update-sip-endpoint,/apis/fabric/sip-endpoints/update-sip-endpoint,
/rest/signalwire-rest/endpoints/space/update-sip-profile,/apis/relay-rest/sip-profile/update-sip-profile,
/rest/signalwire-rest/endpoints/space/update-verified-caller-id,/apis/relay-rest/verified-caller-id/update-verified-caller-id,
/rest/signalwire-rest/endpoints/space/validate-verification-code,/apis/relay-rest/verified-caller-id/validate-verification-code,
/rest/signalwire-rest/endpoints/space/verified-caller-i-ds,,
/rest/signalwire-rest/endpoints/space/verify-mfa-token,/apis/relay-rest/multi-factor-authentication/verify-mfa-token,
/rest/signalwire-rest/endpoints/video,,
/rest/signalwire-rest/endpoints/video/conference-tokens,,
/rest/signalwire-rest/endpoints/video/conferences,,
/rest/signalwire-rest/endpoints/video/create-room,/apis/video/rooms/create-room,
/rest/signalwire-rest/endpoints/video/create-room-token,/apis/video/room-tokens/create-room-token,
/rest/signalwire-rest/endpoints/video/create-stream-by-conference-id,/apis/video/streams/create-conference-stream,
/rest/signalwire-rest/endpoints/video/create-stream-by-room-id,/apis/video/streams/create-room-stream,
/rest/signalwire-rest/endpoints/video/create-video-conference,/apis/video/conferences/create-video-conference,
/rest/signalwire-rest/endpoints/video/delete-room,/apis/video/rooms/delete-room,
/rest/signalwire-rest/endpoints/video/delete-room-recording,/apis/video/room-recordings/delete-room-recording,
/rest/signalwire-rest/endpoints/video/delete-stream,/apis/video/streams/delete-stream,
/rest/signalwire-rest/endpoints/video/delete-video-conference,/apis/video/conferences/delete-video-conference,
/rest/signalwire-rest/endpoints/video/get-conference-token,/apis/video/conference-tokens/get-conference-token,
/rest/signalwire-rest/endpoints/video/get-log,/apis/video/logs/get-log,
/rest/signalwire-rest/endpoints/video/get-room,/apis/video/rooms/get-room,
/rest/signalwire-rest/endpoints/video/get-room-by-name,/apis/video/rooms/get-room-by-name,
/rest/signalwire-rest/endpoints/video/get-room-recording,/apis/video/room-recordings/get-room-recording,
/rest/signalwire-rest/endpoints/video/get-room-session,/apis/video/room-sessions/get-room-session,
/rest/signalwire-rest/endpoints/video/get-stream,/apis/video/streams/get-stream,
/rest/signalwire-rest/endpoints/video/get-video-conference,/apis/video/conferences/get-video-conference,
/rest/signalwire-rest/endpoints/video/list-conference-tokens,/apis/video/conference-tokens/list-conference-tokens,
/rest/signalwire-rest/endpoints/video/list-logs,/apis/video/logs/list-logs,
/rest/signalwire-rest/endpoints/video/list-room-recordings,/apis/video/room-recordings/list-room-recordings,
/rest/signalwire-rest/endpoints/video/list-room-recordings-by-session,/apis/video/room-sessions/list-room-session-recordings,
/rest/signalwire-rest/endpoints/video/list-room-session-members-by-session,/apis/video/room-sessions/list-room-session-members,
/rest/signalwire-rest/endpoints/video/list-room-sessions,/apis/video/room-sessions/list-room-sessions,
/rest/signalwire-rest/endpoints/video/list-rooms,/apis/video/rooms/list-rooms,
/rest/signalwire-rest/endpoints/video/list-streams-by-conference-id,/apis/video/streams/list-conference-streams,
/rest/signalwire-rest/endpoints/video/list-streams-by-room-id,/apis/video/streams/list-room-streams,
/rest/signalwire-rest/endpoints/video/list-video-conferences,/apis/video/conferences/list-video-conferences,
/rest/signalwire-rest/endpoints/video/logs,,
/rest/signalwire-rest/endpoints/video/reset-conference-token,/apis/video/conference-tokens/reset-conference-token,
/rest/signalwire-rest/endpoints/video/room-recordings,,
/rest/signalwire-rest/endpoints/video/room-sessions,,
/rest/signalwire-rest/endpoints/video/room-tokens,,
/rest/signalwire-rest/endpoints/video/rooms,,
/rest/signalwire-rest/endpoints/video/streams,,
/rest/signalwire-rest/endpoints/video/update-room,/apis/video/rooms/update-room,
/rest/signalwire-rest/endpoints/video/update-stream,/apis/video/streams/update-stream,
/rest/signalwire-rest/endpoints/video/update-video-conference,/apis/video/conferences/update-video-conference,
/rest/signalwire-rest/endpoints/video/video-api,,
/rest/signalwire-rest/endpoints/voice,,
/rest/signalwire-rest/endpoints/voice/logs,,
/rest/signalwire-rest/endpoints/voice/logs-list,/apis/voice/logs/list-voice-logs,
/rest/signalwire-rest/endpoints/voice/logs-list-events,/apis/voice/logs/list-voice-log-events,
/rest/signalwire-rest/endpoints/voice/logs-retrieve,/apis/voice/logs/get-voice-log,
/rest/signalwire-rest/endpoints/voice/voice-api,,
/rest/signalwire-rest/guides/campaign-registry/assign-numbers-to-a-campaign-in-bulk,,
/rest/signalwire-rest/guides/campaign-registry/delete-all-number-assignments,,
/rest/signalwire-rest/guides/campaign-registry/delete-all-number-assignments-from-multiple-campaigns,,
/rest/signalwire-rest/guides/campaign-registry/list-all-campaign-number-assignments-to-csv,,
/rest/signalwire-rest/guides/campaign-registry/list-phone-numbers-assigned-to-a-specific-campaign,,
/rest/signalwire-rest/guides/campaign-registry/release-campaign-numbers-from-csv,,
/rest/signalwire-rest/guides/datasphere/curl-usage,,
/rest/signalwire-rest/guides/datasphere/pdf-ingestion-best-practices,,
/compatibility-api/guides/signalwire-status-callbacks/10dlc-tcr-status-callbacks,/apis/relay-rest/campaign-registry/webhooks/ten-dlc-status-callback,
/compatibility-api/guides/signalwire-status-callbacks/inbound-calls-status-callbacks,/compatibility-api/rest/incoming-phone-numbers/incoming-call-status-callback,