old_url,status,matched_product,matched_slug,matched_new_slug,matched_file_path,matched_title
/ai/guides,unmatched,,,,,
/ai/guides/integrations,unmatched,,,,,
/ai/guides/integrations/livekit,unmatched,,,,,
/call-flow-builder/version,unmatched,,,,,
/cantina/user-guide,unmatched,,,,,
/cantina/user-guide-for-admin-rights,unmatched,,,,,
/chat/getting-started,unmatched,,,,,
/chat/guides,unmatched,,,,,
/cluecon-2024,unmatched,,,,,
/compatibility-api,unmatched,,,,,
/compatibility-api/api-reference/rest-client-sdks/methods,unmatched,,,,,
/compatibility-api/client-sdks/api/available-phone-numbers,unmatched,,,,,
/compatibility-api/client-sdks/api/available-phone-numbers/find-toll-free,unmatched,,,,,
/compatibility-api/client-sdks/api/available-phone-numbers/list-resources,unmatched,,,,,
/compatibility-api/client-sdks/api/available-phone-numbers/search-local,unmatched,,,,,
/compatibility-api/client-sdks/applications,unmatched,,,,,
/compatibility-api/client-sdks/applications/create,unmatched,,,,,
/compatibility-api/client-sdks/applications/delete,unmatched,,,,,
/compatibility-api/client-sdks/applications/retrieve,unmatched,,,,,
/compatibility-api/client-sdks/applications/update,unmatched,,,,,
/compatibility-api/client-sdks/methods/accounts,unmatched,,,,,
/compatibility-api/client-sdks/methods/accounts/list,unmatched,,,,,
/compatibility-api/client-sdks/methods/accounts/retrieve,unmatched,,,,,
/compatibility-api/client-sdks/methods/accounts/update,unmatched,,,,,
/compatibility-api/client-sdks/methods/calls,unmatched,,,,,
/compatibility-api/client-sdks/methods/calls/create,unmatched,,,,,
/compatibility-api/client-sdks/methods/calls/delete,unmatched,,,,,
/compatibility-api/client-sdks/methods/calls/list,unmatched,,,,,
/compatibility-api/client-sdks/methods/calls/retrieve,unmatched,,,,,
/compatibility-api/client-sdks/methods/calls/update,unmatched,,,,,
/compatibility-api/client-sdks/methods/conference-participants,unmatched,,,,,
/compatibility-api/client-sdks/methods/conference-participants/add,unmatched,,,,,
/compatibility-api/client-sdks/methods/conference-participants/delete,unmatched,,,,,
/compatibility-api/client-sdks/methods/conference-participants/list,unmatched,,,,,
/compatibility-api/client-sdks/methods/conference-participants/retrieve,unmatched,,,,,
/compatibility-api/client-sdks/methods/conference-participants/update,unmatched,,,,,
/compatibility-api/client-sdks/methods/conferences,unmatched,,,,,
/compatibility-api/client-sdks/methods/conferences/list,unmatched,,,,,
/compatibility-api/client-sdks/methods/conferences/retrieve,unmatched,,,,,
/compatibility-api/client-sdks/methods/conferences/update,unmatched,,,,,
/compatibility-api/client-sdks/methods/cxml-applications,unmatched,,,,,
/compatibility-api/client-sdks/methods/cxml-applications/create,unmatched,,,,,
/compatibility-api/client-sdks/methods/cxml-applications/delete,unmatched,,,,,
/compatibility-api/client-sdks/methods/cxml-applications/list,unmatched,,,,,
/compatibility-api/client-sdks/methods/cxml-applications/retrieve,unmatched,,,,,
/compatibility-api/client-sdks/methods/cxml-applications/update,unmatched,,,,,
/compatibility-api/client-sdks/methods/fax-media,unmatched,,,,,
/compatibility-api/client-sdks/methods/fax-media/delete,unmatched,,,,,
/compatibility-api/client-sdks/methods/fax-media/list-all,unmatched,,,,,
/compatibility-api/client-sdks/methods/fax-media/retrieve,unmatched,,,,,
/compatibility-api/client-sdks/methods/faxes,unmatched,,,,,
/compatibility-api/client-sdks/methods/faxes/delete,unmatched,,,,,
/compatibility-api/client-sdks/methods/faxes/list,unmatched,,,,,
/compatibility-api/client-sdks/methods/faxes/retrieve,unmatched,,,,,
/compatibility-api/client-sdks/methods/faxes/send,unmatched,,,,,
/compatibility-api/client-sdks/methods/faxes/update,unmatched,,,,,
/compatibility-api/client-sdks/methods/incoming-phone-numbers,unmatched,,,,,
/compatibility-api/client-sdks/methods/incoming-phone-numbers/create,unmatched,,,,,
/compatibility-api/client-sdks/methods/incoming-phone-numbers/delete,unmatched,,,,,
/compatibility-api/client-sdks/methods/incoming-phone-numbers/list,unmatched,,,,,
/compatibility-api/client-sdks/methods/incoming-phone-numbers/retrieve,unmatched,,,,,
/compatibility-api/client-sdks/methods/incoming-phone-numbers/update,unmatched,,,,,
/compatibility-api/client-sdks/methods/media,unmatched,,,,,
/compatibility-api/client-sdks/methods/media/delete,unmatched,,,,,
/compatibility-api/client-sdks/methods/media/list,unmatched,,,,,
/compatibility-api/client-sdks/methods/media/retrieve,unmatched,,,,,
/compatibility-api/client-sdks/methods/messaging,unmatched,,,,,
/compatibility-api/client-sdks/methods/messaging/create,unmatched,,,,,
/compatibility-api/client-sdks/methods/messaging/delete,unmatched,,,,,
/compatibility-api/client-sdks/methods/messaging/list,unmatched,,,,,
/compatibility-api/client-sdks/methods/messaging/retrieve,unmatched,,,,,
/compatibility-api/client-sdks/methods/messaging/update,unmatched,,,,,
/compatibility-api/client-sdks/methods/queue-members,unmatched,,,,,
/compatibility-api/client-sdks/methods/queue-members/list,unmatched,,,,,
/compatibility-api/client-sdks/methods/queue-members/retrieve,unmatched,,,,,
/compatibility-api/client-sdks/methods/queue-members/update,unmatched,,,,,
/compatibility-api/client-sdks/methods/queues,unmatched,,,,,
/compatibility-api/client-sdks/methods/queues/create,unmatched,,,,,
/compatibility-api/client-sdks/methods/queues/delete,unmatched,,,,,
/compatibility-api/client-sdks/methods/queues/list,unmatched,,,,,
/compatibility-api/client-sdks/methods/queues/retrieve,unmatched,,,,,
/compatibility-api/client-sdks/methods/queues/retrieve-members-waiting-in-queue,unmatched,,,,,
/compatibility-api/client-sdks/methods/queues/update,unmatched,,,,,
/compatibility-api/client-sdks/methods/recording-transcriptions,unmatched,,,,,
/compatibility-api/client-sdks/methods/recording-transcriptions/delete,unmatched,,,,,
/compatibility-api/client-sdks/methods/recording-transcriptions/list,unmatched,,,,,
/compatibility-api/client-sdks/methods/recording-transcriptions/retrieve,unmatched,,,,,
/compatibility-api/client-sdks/methods/recordings,unmatched,,,,,
/compatibility-api/client-sdks/methods/recordings/create,unmatched,,,,,
/compatibility-api/client-sdks/methods/recordings/delete,unmatched,,,,,
/compatibility-api/client-sdks/methods/recordings/list,unmatched,,,,,
/compatibility-api/client-sdks/methods/recordings/retrieve,unmatched,,,,,
/compatibility-api/client-sdks/methods/recordings/update,unmatched,,,,,
/compatibility-api/cxml,unmatched,,,,,
/compatibility-api/cxml/fax,unmatched,,,,,
/compatibility-api/cxml/fax/receive,unmatched,,,,,
/compatibility-api/cxml/fax/reject,unmatched,,,,,
/compatibility-api/cxml/messaging,unmatched,,,,,
/compatibility-api/cxml/messaging/message,unmatched,,,,,
/compatibility-api/cxml/messaging/redirect,unmatched,,,,,
/compatibility-api/cxml/stream-openai-realtime,unmatched,,,,,
/compatibility-api/cxml/voice,unmatched,,,,,
/compatibility-api/cxml/voice/conference-noun,unmatched,,,,,
/compatibility-api/cxml/voice/connect,unmatched,,,,,
/compatibility-api/cxml/voice/denoise,unmatched,,,,,
/compatibility-api/cxml/voice/dial,unmatched,,,,,
/compatibility-api/cxml/voice/echo,unmatched,,,,,
/compatibility-api/cxml/voice/enqueue,unmatched,,,,,
/compatibility-api/cxml/voice/gather,unmatched,,,,,
/compatibility-api/cxml/voice/hangup,unmatched,,,,,
/compatibility-api/cxml/voice/leave,unmatched,,,,,
/compatibility-api/cxml/voice/number-noun,unmatched,,,,,
/compatibility-api/cxml/voice/pause,unmatched,,,,,
/compatibility-api/cxml/voice/pay,unmatched,,,,,
/compatibility-api/cxml/voice/pay/parameter,unmatched,,,,,
/compatibility-api/cxml/voice/pay/prompt,unmatched,,,,,
/compatibility-api/cxml/voice/play,unmatched,,,,,
/compatibility-api/cxml/voice/queue-noun,unmatched,,,,,
/compatibility-api/cxml/voice/record,unmatched,,,,,
/compatibility-api/cxml/voice/redirect,unmatched,,,,,
/compatibility-api/cxml/voice/refer,unmatched,,,,,
/compatibility-api/cxml/voice/reject,unmatched,,,,,
/compatibility-api/cxml/voice/room-noun,unmatched,,,,,
/compatibility-api/cxml/voice/say,unmatched,,,,,
/compatibility-api/cxml/voice/sip-noun,unmatched,,,,,
/compatibility-api/cxml/voice/sms,unmatched,,,,,
/compatibility-api/cxml/voice/stream,unmatched,,,,,
/compatibility-api/cxml/voice/verto-noun,unmatched,,,,,
/compatibility-api/cxml/voice/virtualagent-noun,unmatched,,,,,
/compatibility-api/guides,unmatched,,,,,
/compatibility-api/guides/general,unmatched,,,,,
/compatibility-api/guides/general/calltext-by-proxy,unmatched,,,,,
/compatibility-api/guides/general/creating-and-using-cxml-scripts,unmatched,,,,,
/compatibility-api/guides/general/phone-numbers,unmatched,,,,,
/compatibility-api/guides/general/phone-numbers/how-to-purchase-numbers-in-bulk,unmatched,,,,,
/compatibility-api/guides/general/phone-numbers/how-to-update-webhooks-in-bulk,unmatched,,,,,
/compatibility-api/guides/general/phone-numbers/list-numbers-to-csv,unmatched,,,,,
/compatibility-api/guides/general/phone-numbers/release-numbers,unmatched,,,,,
/compatibility-api/guides/general/phone-numbers/release-project-numbers-based-off-csv,unmatched,,,,,
/compatibility-api/guides/general/phone-numbers/remove-all-landlines-from-your-recipient-list,unmatched,,,,,
/compatibility-api/guides/general/utilizing-mustache-templates,unmatched,,,,,
/compatibility-api/guides/messaging,unmatched,,,,,
/compatibility-api/guides/messaging/general,unmatched,,,,,
/compatibility-api/guides/messaging/general/handling-incoming-messages-from-code,unmatched,,,,,
/compatibility-api/guides/messaging/general/how-to-list-messages-filtered-by-multiple-from-numbers,unmatched,,,,,
/compatibility-api/guides/messaging/general/how-to-list-messages-with-a-specific-error-code-to-csv,unmatched,,,,,
/compatibility-api/guides/messaging/general/how-to-pull-undelivered-messages,unmatched,,,,,
/compatibility-api/guides/messaging/general/how-to-redact-messages-for-hippa-compliancy,unmatched,,,,,
/compatibility-api/guides/messaging/general/how-to-send-sms-from-google-sheets,unmatched,,,,,
/compatibility-api/guides/messaging/general/how-to-use-list-messages-api-to-get-pricing-for-a-date-range,unmatched,,,,,
/compatibility-api/guides/messaging/general/list-messages-to-csv-all-languages,unmatched,,,,,
/compatibility-api/guides/messaging/general/sms-status-callbacks,unmatched,,,,,
/compatibility-api/guides/messaging/python,unmatched,,,,,
/compatibility-api/guides/messaging/python/how-to-get-reply-statistics-with-python,unmatched,,,,,
/compatibility-api/guides/messaging/python/how-to-send-bulk-sms-from-customer-csv-with-python,unmatched,,,,,
/compatibility-api/guides/messaging/python/send-sms-from-the-browser-with-python-flask-and-html,unmatched,,,,,
/compatibility-api/guides/messaging/python/text-subscription,unmatched,,,,,
/compatibility-api/guides/messaging/python/text-to-email,unmatched,,,,,
/compatibility-api/guides/signalwire-status-callbacks,unmatched,,,,,
/compatibility-api/guides/signalwire-status-callbacks/10dlc-tcr-status-callbacks,unmatched,,,,,
/compatibility-api/guides/signalwire-status-callbacks/inbound-calls-status-callbacks,unmatched,,,,,
/compatibility-api/guides/signalwire-status-callbacks/recording-status-callbacks,unmatched,,,,,
/compatibility-api/guides/signalwire-status-callbacks/sms-status-callbacks,unmatched,,,,,
/compatibility-api/guides/signalwire-status-callbacks/transcription-status-callbacks,unmatched,,,,,
/compatibility-api/guides/signalwire-status-callbacks/voice-status-callbacks,unmatched,,,,,
/compatibility-api/guides/voice,unmatched,,,,,
/compatibility-api/guides/voice/general,unmatched,,,,,
/compatibility-api/guides/voice/general/gathering-user-input-from-code,unmatched,,,,,
/compatibility-api/guides/voice/general/handling-calls-from-code,unmatched,,,,,
/compatibility-api/guides/voice/general/how-to-deal-with-robocallers-inbound-spam,unmatched,,,,,
/compatibility-api/guides/voice/general/queues,unmatched,,,,,
/compatibility-api/guides/voice/general/setting-up-call-whispering-in-cxml,unmatched,,,,,
/compatibility-api/guides/voice/general/stopping-streams-with-rest-api,unmatched,,,,,
/compatibility-api/guides/voice/nodejs,unmatched,,,,,
/compatibility-api/guides/voice/nodejs/answering-machine-detection,unmatched,,,,,
/compatibility-api/guides/voice/nodejs/ivr-with-voicemail-to-email,unmatched,,,,,
/compatibility-api/guides/voice/nodejs/outbound-survey,unmatched,,,,,
/compatibility-api/guides/voice/nodejs/sip-voicemail,unmatched,,,,,
/compatibility-api/guides/voice/python,unmatched,,,,,
/compatibility-api/guides/voice/python/call-screening-block-list,unmatched,,,,,
/compatibility-api/guides/voice/python/dial-by-voice,unmatched,,,,,
/compatibility-api/guides/voice/python/dynamic-ivr-using-json-menus,unmatched,,,,,
/compatibility-api/guides/voice/python/execute-code-in-business-hours-only,unmatched,,,,,
/compatibility-api/guides/voice/python/full-contact-center,unmatched,,,,,
/compatibility-api/guides/voice/python/getting-detailed-price-summaries-about-calls,unmatched,,,,,
/compatibility-api/guides/voice/python/how-to-record-phone-calls,unmatched,,,,,
/compatibility-api/guides/voice/python/how-to-use-conferences,unmatched,,,,,
/compatibility-api/guides/voice/python/how-to-use-the-list-calls-api-to-get-statistics-python,unmatched,,,,,
/compatibility-api/guides/voice/python/list-calls-to-csv-all-languages,unmatched,,,,,
/compatibility-api/guides/voice/python/python-multichannel-banking-helper,unmatched,,,,,
/compatibility-api/guides/voice/python/python-survey-with-google-sheets,unmatched,,,,,
/compatibility-api/guides/voice/python/request-callback-in-a-queue,unmatched,,,,,
/compatibility-api/guides/voice/python/sentiment-analysis,unmatched,,,,,
/compatibility-api/guides/voice/python/sip-voicemail,unmatched,,,,,
/compatibility-api/guides/voice/python/two-factor-authentication,unmatched,,,,,
/compatibility-api/guides/voice/python/updating-conference-recordings,unmatched,,,,,
/compatibility-api/guides/voice/python/utilizing-websockets-and-call-streams,unmatched,,,,,
/compatibility-api/guides/voice/python/voice-api-statistics-to-pdf,unmatched,,,,,
/compatibility-api/guides/voice/python/voice-status-callbacks,unmatched,,,,,
/compatibility-api/guides/voice/python/voicemail-transcription,unmatched,,,,,
/compatibility-api/guides/voice/ruby,unmatched,,,,,
/compatibility-api/guides/voice/ruby/answering-machine-detection,unmatched,,,,,
/compatibility-api/guides/voice/ruby/multi-factor-authentication,unmatched,,,,,
/compatibility-api/guides/voice/ruby/ruby-reminder-calls,unmatched,,,,,
/compatibility-api/sdks,unmatched,,,,,
/demos/admin-assistant,unmatched,,,,,
/demos/ai-cal,unmatched,,,,,
/demos/bobbys-table,unmatched,,,,,
/demos/esp8266-sensor-bot,unmatched,,,,,
/demos/flos-flowers,unmatched,,,,,
/demos/flos-flowers-2,unmatched,,,,,
/demos/mfa,unmatched,,,,,
/demos/roomieserve,unmatched,,,,,
/demos/tier-1,unmatched,,,,,
/demos/weather-bot,unmatched,,,,,
/events/demos/server/room-service/menu,unmatched,,,,,
/fax/get-started,unmatched,,,,,
/fax/getting-started/first-steps-with-fax,unmatched,,,,,
/fax/getting-started/securing-callback-for-inbound-fax-with-cxml,unmatched,,,,,
/home/calling/voice/getting-started,unmatched,,,,,
/home/calling/voice/guides,unmatched,,,,,
/home/messaging/sms/guides,unmatched,,,,,
/home/platform/dashboard/administration,unmatched,,,,,
/internal,unmatched,,,,,
/internal/extras,unmatched,,,,,
/internal/extras/accordion,unmatched,,,,,
/internal/extras/card,unmatched,,,,,
/internal/extras/codegroup,unmatched,,,,,
/internal/extras/frame,unmatched,,,,,
/internal/extras/icons,unmatched,,,,,
/internal/extras/releasecard,unmatched,,,,,
/internal/extras/slideshow,unmatched,,,,,
/livewire/integrate-zendesk-signalwire-ai,unmatched,,,,,
/livewire/smart-biz-ai,unmatched,,,,,
/messaging/get-started,unmatched,,,,,
/messaging/getting-started/receiving-your-first-sms,unmatched,,,,,
/messaging/getting-started/sending-your-first-sms,unmatched,,,,,
/messaging/guides/campaign-registry,unmatched,,,,,
/messaging/guides/general,unmatched,,,,,
/page/tadhack-2024,unmatched,,,,,
/page/tadhack-2024/server/ai-cal,unmatched,,,,,
/page/tadhack-2024/server/esp8266-sensor-bot,unmatched,,,,,
/page/tadhack-2024/server/flos-flowers-2,unmatched,,,,,
/page/tadhack-2024/server/mfa,unmatched,,,,,
/page/tadhack-2024/server/restaurant-reservation,unmatched,,,,,
/page/tadhack-2024/server/room-service,unmatched,,,,,
/page/tadhack-2024/server/room-service/menu,unmatched,,,,,
/page/tadhack-2024/server/tier-1-support,unmatched,,,,,
/page/tadhack-2024/serverless,unmatched,,,,,
/page/tadhack-2024/serverless/admin-assistant,unmatched,,,,,
/page/tadhack-2024/serverless/virtual-flowers-demo,unmatched,,,,,
/page/tadhack-2024/serverless/weather-bot-demo,unmatched,,,,,
/page/tech-tarot,unmatched,,,,,
/platform/basics,unmatched,,,,,
/platform/basics/general,unmatched,,,,,
/platform/basics/guides,unmatched,,,,,
/platform/basics/guides/technical-troubleshooting,unmatched,,,,,
/platform/basics/security-and-compliance,unmatched,,,,,
/platform/dashboard/reference-app,unmatched,,,,,
/platform/integrations,unmatched,,,,,
/platform/integrations/carriers,unmatched,,,,,
/platform/integrations/crm,unmatched,,,,,
/platform/integrations/dialogflow,unmatched,,,,,
/platform/integrations/freeswitch,unmatched,,,,,
/platform/integrations/messaging-services,unmatched,,,,,
/platform/integrations/pbx-systems,unmatched,,,,,
/platform/integrations/serverless-functions,unmatched,,,,,
/platform/integrations/softphones,unmatched,,,,,
/platform/integrations/workflow-tools,unmatched,,,,,
/platform/integrations/workflow-tools/zapier,unmatched,,,,,
/platform/phone-numbers/getting-started,unmatched,,,,,
/platform/phone-numbers/guides,unmatched,,,,,
/rest,unmatched,,,,,
/rest/compatibility-api,unmatched,,,,,
/rest/compatibility-api/endpoints,unmatched,,,,,
/rest/compatibility-api/endpoints/accounts,unmatched,,,,,
/rest/compatibility-api/endpoints/applications,unmatched,,,,,
/rest/compatibility-api/endpoints/available-phone-numbers,unmatched,,,,,
/rest/compatibility-api/endpoints/c-xml-bins,unmatched,,,,,
/rest/compatibility-api/endpoints/calls,unmatched,,,,,
/rest/compatibility-api/endpoints/conference-participants,unmatched,,,,,
/rest/compatibility-api/endpoints/conference-streams,unmatched,,,,,
/rest/compatibility-api/endpoints/conferences,unmatched,,,,,
/rest/compatibility-api/endpoints/create-a-call,unmatched,,,,,
/rest/compatibility-api/endpoints/create-application,unmatched,,,,,
/rest/compatibility-api/endpoints/create-conference-stream,unmatched,,,,,
/rest/compatibility-api/endpoints/create-cxml-application,unmatched,,,,,
/rest/compatibility-api/endpoints/create-imported-phone-number,unmatched,,,,,
/rest/compatibility-api/endpoints/create-incoming-phone-number,unmatched,,,,,
/rest/compatibility-api/endpoints/create-message,unmatched,,,,,
/rest/compatibility-api/endpoints/create-queue,unmatched,,,,,
/rest/compatibility-api/endpoints/create-recording,unmatched,,,,,
/rest/compatibility-api/endpoints/create-stream,unmatched,,,,,
/rest/compatibility-api/endpoints/create-subprojects,unmatched,,,,,
/rest/compatibility-api/endpoints/create-token,unmatched,,,,,
/rest/compatibility-api/endpoints/cxml-api,unmatched,,,,,
/rest/compatibility-api/endpoints/delete-a-call,unmatched,,,,,
/rest/compatibility-api/endpoints/delete-application,unmatched,,,,,
/rest/compatibility-api/endpoints/delete-cxml-application,unmatched,,,,,
/rest/compatibility-api/endpoints/delete-fax,unmatched,,,,,
/rest/compatibility-api/endpoints/delete-fax-media,unmatched,,,,,
/rest/compatibility-api/endpoints/delete-incoming-phone-number,unmatched,,,,,
/rest/compatibility-api/endpoints/delete-message,unmatched,,,,,
/rest/compatibility-api/endpoints/delete-message-media,unmatched,,,,,
/rest/compatibility-api/endpoints/delete-participant,unmatched,,,,,
/rest/compatibility-api/endpoints/delete-queue,unmatched,,,,,
/rest/compatibility-api/endpoints/delete-recording,unmatched,,,,,
/rest/compatibility-api/endpoints/delete-token,unmatched,,,,,
/rest/compatibility-api/endpoints/delete-transcription,unmatched,,,,,
/rest/compatibility-api/endpoints/fax-media,unmatched,,,,,
/rest/compatibility-api/endpoints/faxes,unmatched,,,,,
/rest/compatibility-api/endpoints/get-account,unmatched,,,,,
/rest/compatibility-api/endpoints/get-application,unmatched,,,,,
/rest/compatibility-api/endpoints/incoming-phone-numbers,unmatched,,,,,
/rest/compatibility-api/endpoints/list-accounts,unmatched,,,,,
/rest/compatibility-api/endpoints/list-all-calls,unmatched,,,,,
/rest/compatibility-api/endpoints/list-all-conferences,unmatched,,,,,
/rest/compatibility-api/endpoints/list-all-fax-media,unmatched,,,,,
/rest/compatibility-api/endpoints/list-all-faxes,unmatched,,,,,
/rest/compatibility-api/endpoints/list-all-participants,unmatched,,,,,
/rest/compatibility-api/endpoints/list-all-queue-members,unmatched,,,,,
/rest/compatibility-api/endpoints/list-applications,unmatched,,,,,
/rest/compatibility-api/endpoints/list-available-phone-number-resources,unmatched,,,,,
/rest/compatibility-api/endpoints/list-available-phone-number-resources-by-country,unmatched,,,,,
/rest/compatibility-api/endpoints/list-cxml-applications,unmatched,,,,,
/rest/compatibility-api/endpoints/list-incoming-phone-numbers,unmatched,,,,,
/rest/compatibility-api/endpoints/list-media,unmatched,,,,,
/rest/compatibility-api/endpoints/list-messages,unmatched,,,,,
/rest/compatibility-api/endpoints/list-queues,unmatched,,,,,
/rest/compatibility-api/endpoints/list-recordings,unmatched,,,,,
/rest/compatibility-api/endpoints/list-transcriptions,unmatched,,,,,
/rest/compatibility-api/endpoints/media,unmatched,,,,,
/rest/compatibility-api/endpoints/messages,unmatched,,,,,
/rest/compatibility-api/endpoints/queue-members,unmatched,,,,,
/rest/compatibility-api/endpoints/queues,unmatched,,,,,
/rest/compatibility-api/endpoints/recording-transcriptions,unmatched,,,,,
/rest/compatibility-api/endpoints/recordings,unmatched,,,,,
/rest/compatibility-api/endpoints/retrieve-a-call,unmatched,,,,,
/rest/compatibility-api/endpoints/retrieve-conference,unmatched,,,,,
/rest/compatibility-api/endpoints/retrieve-cxml-application,unmatched,,,,,
/rest/compatibility-api/endpoints/retrieve-fax,unmatched,,,,,
/rest/compatibility-api/endpoints/retrieve-incoming-phone-number,unmatched,,,,,
/rest/compatibility-api/endpoints/retrieve-media,unmatched,,,,,
/rest/compatibility-api/endpoints/retrieve-medias,unmatched,,,,,
/rest/compatibility-api/endpoints/retrieve-message,unmatched,,,,,
/rest/compatibility-api/endpoints/retrieve-participant,unmatched,,,,,
/rest/compatibility-api/endpoints/retrieve-queue,unmatched,,,,,
/rest/compatibility-api/endpoints/retrieve-queue-member,unmatched,,,,,
/rest/compatibility-api/endpoints/retrieve-recording,unmatched,,,,,
/rest/compatibility-api/endpoints/retrieve-transcription,unmatched,,,,,
/rest/compatibility-api/endpoints/search-local-available-phone-numbers,unmatched,,,,,
/rest/compatibility-api/endpoints/search-toll-free-available-phone-numbers,unmatched,,,,,
/rest/compatibility-api/endpoints/send-fax,unmatched,,,,,
/rest/compatibility-api/endpoints/streams,unmatched,,,,,
/rest/compatibility-api/endpoints/tokens,unmatched,,,,,
/rest/compatibility-api/endpoints/update-a-call,unmatched,,,,,
/rest/compatibility-api/endpoints/update-account,unmatched,,,,,
/rest/compatibility-api/endpoints/update-application,unmatched,,,,,
/rest/compatibility-api/endpoints/update-conference,unmatched,,,,,
/rest/compatibility-api/endpoints/update-conference-stream,unmatched,,,,,
/rest/compatibility-api/endpoints/update-cxml-application,unmatched,,,,,
/rest/compatibility-api/endpoints/update-fax,unmatched,,,,,
/rest/compatibility-api/endpoints/update-incoming-phone-number,unmatched,,,,,
/rest/compatibility-api/endpoints/update-message,unmatched,,,,,
/rest/compatibility-api/endpoints/update-participant,unmatched,,,,,
/rest/compatibility-api/endpoints/update-queue,unmatched,,,,,
/rest/compatibility-api/endpoints/update-queue-member,unmatched,,,,,
/rest/compatibility-api/endpoints/update-recording,unmatched,,,,,
/rest/compatibility-api/endpoints/update-stream,unmatched,,,,,
/rest/compatibility-api/endpoints/update-token,unmatched,,,,,
/rest/compatibility-api/overview,unmatched,,,,,
/rest/compatibility-api/overview/error-codes,unmatched,,,,,
/rest/compatibility-api/overview/paging,unmatched,,,,,
/rest/overview/authorization,unmatched,,,,,
/rest/overview/base-url,unmatched,,,,,
/rest/overview/data-formats,unmatched,,,,,
/rest/signalwire-rest,unmatched,,,,,
/rest/signalwire-rest/endpoints,unmatched,,,,,
/rest/signalwire-rest/endpoints/calling,unmatched,,,,,
/rest/signalwire-rest/endpoints/calling/call-commands,unmatched,,,,,
/rest/signalwire-rest/endpoints/calling/calling-api,unmatched,,,,,
/rest/signalwire-rest/endpoints/calling/calls,unmatched,,,,,
/rest/signalwire-rest/endpoints/chat,unmatched,,,,,
/rest/signalwire-rest/endpoints/chat/chat-api,unmatched,,,,,
/rest/signalwire-rest/endpoints/chat/chat-tokens-create,unmatched,,,,,
/rest/signalwire-rest/endpoints/chat/tokens,unmatched,,,,,
/rest/signalwire-rest/endpoints/datasphere,unmatched,,,,,
/rest/signalwire-rest/endpoints/datasphere/chunks,unmatched,,,,,
/rest/signalwire-rest/endpoints/datasphere/chunks-delete,unmatched,,,,,
/rest/signalwire-rest/endpoints/datasphere/chunks-get,unmatched,,,,,
/rest/signalwire-rest/endpoints/datasphere/chunks-list,unmatched,,,,,
/rest/signalwire-rest/endpoints/datasphere/datasphere-api,unmatched,,,,,
/rest/signalwire-rest/endpoints/datasphere/documents,unmatched,,,,,
/rest/signalwire-rest/endpoints/datasphere/documents-create,unmatched,,,,,
/rest/signalwire-rest/endpoints/datasphere/documents-delete,unmatched,,,,,
/rest/signalwire-rest/endpoints/datasphere/documents-list,unmatched,,,,,
/rest/signalwire-rest/endpoints/datasphere/documents-search,unmatched,,,,,
/rest/signalwire-rest/endpoints/datasphere/documents-update,unmatched,,,,,
/rest/signalwire-rest/endpoints/fabric,unmatched,,,,,
/rest/signalwire-rest/endpoints/fabric/ai-agent-addresses-list,unmatched,,,,,
/rest/signalwire-rest/endpoints/fabric/ai-agents-create,unmatched,,,,,
/rest/signalwire-rest/endpoints/fabric/ai-agents-custom,unmatched,,,,,
/rest/signalwire-rest/endpoints/fabric/ai-agents-delete,unmatched,,,,,
/rest/signalwire-rest/endpoints/fabric/ai-agents-dialogflow,unmatched,,,,,
/rest/signalwire-rest/endpoints/fabric/ai-agents-list,unmatched,,,,,
/rest/signalwire-rest/endpoints/fabric/ai-agents-read,unmatched,,,,,
/rest/signalwire-rest/endpoints/fabric/ai-agents-update,unmatched,,,,,
/rest/signalwire-rest/endpoints/fabric/call-fabric-api,unmatched,,,,,
/rest/signalwire-rest/endpoints/fabric/call-flow-addresses-list,unmatched,,,,,
/rest/signalwire-rest/endpoints/fabric/call-flow-versions-deploy,unmatched,,,,,
/rest/signalwire-rest/endpoints/fabric/call-flow-versions-list,unmatched,,,,,
/rest/signalwire-rest/endpoints/fabric/call-flows,unmatched,,,,,
/rest/signalwire-rest/endpoints/fabric/call-flows-create,unmatched,,,,,
/rest/signalwire-rest/endpoints/fabric/call-flows-delete,unmatched,,,,,
/rest/signalwire-rest/endpoints/fabric/call-flows-list,unmatched,,,,,
/rest/signalwire-rest/endpoints/fabric/call-flows-read,unmatched,,,,,
/rest/signalwire-rest/endpoints/fabric/call-flows-update,unmatched,,,,,
/rest/signalwire-rest/endpoints/fabric/conference-room-addresses-list,unmatched,,,,,
/rest/signalwire-rest/endpoints/fabric/conference-rooms,unmatched,,,,,
/rest/signalwire-rest/endpoints/fabric/conference-rooms-create,unmatched,,,,,
/rest/signalwire-rest/endpoints/fabric/conference-rooms-delete,unmatched,,,,,
/rest/signalwire-rest/endpoints/fabric/conference-rooms-list,unmatched,,,,,
/rest/signalwire-rest/endpoints/fabric/conference-rooms-read,unmatched,,,,,
/rest/signalwire-rest/endpoints/fabric/conference-rooms-update,unmatched,,,,,
/rest/signalwire-rest/endpoints/fabric/cxml-application-addresses-list,unmatched,,,,,
/rest/signalwire-rest/endpoints/fabric/cxml-applications,unmatched,,,,,
/rest/signalwire-rest/endpoints/fabric/cxml-applications-delete,unmatched,,,,,
/rest/signalwire-rest/endpoints/fabric/cxml-applications-list,unmatched,,,,,
/rest/signalwire-rest/endpoints/fabric/cxml-applications-read,unmatched,,,,,
/rest/signalwire-rest/endpoints/fabric/cxml-applications-update,unmatched,,,,,
/rest/signalwire-rest/endpoints/fabric/cxml-script-addresses-list,unmatched,,,,,
/rest/signalwire-rest/endpoints/fabric/cxml-scripts,unmatched,,,,,
/rest/signalwire-rest/endpoints/fabric/cxml-scripts-create,unmatched,,,,,
/rest/signalwire-rest/endpoints/fabric/cxml-scripts-delete,unmatched,,,,,
/rest/signalwire-rest/endpoints/fabric/cxml-scripts-list,unmatched,,,,,
/rest/signalwire-rest/endpoints/fabric/cxml-scripts-read,unmatched,,,,,
/rest/signalwire-rest/endpoints/fabric/cxml-scripts-update,unmatched,,,,,
/rest/signalwire-rest/endpoints/fabric/cxml-webhook,unmatched,,,,,
/rest/signalwire-rest/endpoints/fabric/cxml-webhook-addresses-list,unmatched,,,,,
/rest/signalwire-rest/endpoints/fabric/cxml-webhooks-create,unmatched,,,,,
/rest/signalwire-rest/endpoints/fabric/cxml-webhooks-delete,unmatched,,,,,
/rest/signalwire-rest/endpoints/fabric/cxml-webhooks-list,unmatched,,,,,
/rest/signalwire-rest/endpoints/fabric/cxml-webhooks-read,unmatched,,,,,
/rest/signalwire-rest/endpoints/fabric/cxml-webhooks-update,unmatched,,,,,
/rest/signalwire-rest/endpoints/fabric/dialogflow-agent-addresses-list,unmatched,,,,,
/rest/signalwire-rest/endpoints/fabric/dialogflow-agents-delete,unmatched,,,,,
/rest/signalwire-rest/endpoints/fabric/dialogflow-agents-list,unmatched,,,,,
/rest/signalwire-rest/endpoints/fabric/dialogflow-agents-read,unmatched,,,,,
/rest/signalwire-rest/endpoints/fabric/dialogflow-agents-update,unmatched,,,,,
/rest/signalwire-rest/endpoints/fabric/domain-applications,unmatched,,,,,
/rest/signalwire-rest/endpoints/fabric/domain-applications-assign,unmatched,,,,,
/rest/signalwire-rest/endpoints/fabric/embeds-tokens,unmatched,,,,,
/rest/signalwire-rest/endpoints/fabric/embeds-tokens-create,unmatched,,,,,
/rest/signalwire-rest/endpoints/fabric/fabric-address,unmatched,,,,,
/rest/signalwire-rest/endpoints/fabric/fabric-addresses-list,unmatched,,,,,
/rest/signalwire-rest/endpoints/fabric/fabric-addresses-read,unmatched,,,,,
/rest/signalwire-rest/endpoints/fabric/free-switch-connector,unmatched,,,,,
/rest/signalwire-rest/endpoints/fabric/freeswitch-connector-addresses-list,unmatched,,,,,
/rest/signalwire-rest/endpoints/fabric/freeswitch-connectors-create,unmatched,,,,,
/rest/signalwire-rest/endpoints/fabric/freeswitch-connectors-delete,unmatched,,,,,
/rest/signalwire-rest/endpoints/fabric/freeswitch-connectors-list,unmatched,,,,,
/rest/signalwire-rest/endpoints/fabric/freeswitch-connectors-read,unmatched,,,,,
/rest/signalwire-rest/endpoints/fabric/freeswitch-connectors-update,unmatched,,,,,
/rest/signalwire-rest/endpoints/fabric/guest-tokens-create,unmatched,,,,,
/rest/signalwire-rest/endpoints/fabric/invite-tokens-create,unmatched,,,,,
/rest/signalwire-rest/endpoints/fabric/phone-routes,unmatched,,,,,
/rest/signalwire-rest/endpoints/fabric/phone-routes-assign,unmatched,,,,,
/rest/signalwire-rest/endpoints/fabric/refresh-tokens-create,unmatched,,,,,
/rest/signalwire-rest/endpoints/fabric/relay-application,unmatched,,,,,
/rest/signalwire-rest/endpoints/fabric/relay-application-addresses-list,unmatched,,,,,
/rest/signalwire-rest/endpoints/fabric/relay-application-addresses-read-addresses-by-resource-id,unmatched,,,,,
/rest/signalwire-rest/endpoints/fabric/relay-applications-create,unmatched,,,,,
/rest/signalwire-rest/endpoints/fabric/relay-applications-delete,unmatched,,,,,
/rest/signalwire-rest/endpoints/fabric/relay-applications-list,unmatched,,,,,
/rest/signalwire-rest/endpoints/fabric/relay-applications-read,unmatched,,,,,
/rest/signalwire-rest/endpoints/fabric/relay-applications-update,unmatched,,,,,
/rest/signalwire-rest/endpoints/fabric/resource-addresses-list,unmatched,,,,,
/rest/signalwire-rest/endpoints/fabric/resource-sip-endpoints-assign,unmatched,,,,,
/rest/signalwire-rest/endpoints/fabric/resources,unmatched,,,,,
/rest/signalwire-rest/endpoints/fabric/resources-delete,unmatched,,,,,
/rest/signalwire-rest/endpoints/fabric/resources-list,unmatched,,,,,
/rest/signalwire-rest/endpoints/fabric/resources-read,unmatched,,,,,
/rest/signalwire-rest/endpoints/fabric/sip-endpoint-addresses-list,unmatched,,,,,
/rest/signalwire-rest/endpoints/fabric/sip-endpoints,unmatched,,,,,
/rest/signalwire-rest/endpoints/fabric/sip-endpoints-create,unmatched,,,,,
/rest/signalwire-rest/endpoints/fabric/sip-endpoints-delete,unmatched,,,,,
/rest/signalwire-rest/endpoints/fabric/sip-endpoints-list,unmatched,,,,,
/rest/signalwire-rest/endpoints/fabric/sip-endpoints-read,unmatched,,,,,
/rest/signalwire-rest/endpoints/fabric/sip-endpoints-update,unmatched,,,,,
/rest/signalwire-rest/endpoints/fabric/sip-gateway,unmatched,,,,,
/rest/signalwire-rest/endpoints/fabric/sip-gateways-create,unmatched,,,,,
/rest/signalwire-rest/endpoints/fabric/sip-gateways-delete,unmatched,,,,,
/rest/signalwire-rest/endpoints/fabric/sip-gateways-list,unmatched,,,,,
/rest/signalwire-rest/endpoints/fabric/sip-gateways-read,unmatched,,,,,
/rest/signalwire-rest/endpoints/fabric/sip-gateways-update,unmatched,,,,,
/rest/signalwire-rest/endpoints/fabric/subscriber-addresses-list,unmatched,,,,,
/rest/signalwire-rest/endpoints/fabric/subscriber-sip-endpoint-create,unmatched,,,,,
/rest/signalwire-rest/endpoints/fabric/subscriber-sip-endpoint-delete,unmatched,,,,,
/rest/signalwire-rest/endpoints/fabric/subscriber-sip-endpoint-list,unmatched,,,,,
/rest/signalwire-rest/endpoints/fabric/subscriber-sip-endpoint-read,unmatched,,,,,
/rest/signalwire-rest/endpoints/fabric/subscriber-sip-endpoint-update,unmatched,,,,,
/rest/signalwire-rest/endpoints/fabric/subscriber-tokens-create,unmatched,,,,,
/rest/signalwire-rest/endpoints/fabric/subscribers,unmatched,,,,,
/rest/signalwire-rest/endpoints/fabric/subscribers-create,unmatched,,,,,
/rest/signalwire-rest/endpoints/fabric/subscribers-delete,unmatched,,,,,
/rest/signalwire-rest/endpoints/fabric/subscribers-get,unmatched,,,,,
/rest/signalwire-rest/endpoints/fabric/subscribers-list,unmatched,,,,,
/rest/signalwire-rest/endpoints/fabric/subscribers-sip-endpoints,unmatched,,,,,
/rest/signalwire-rest/endpoints/fabric/subscribers-tokens,unmatched,,,,,
/rest/signalwire-rest/endpoints/fabric/subscribers-update,unmatched,,,,,
/rest/signalwire-rest/endpoints/fabric/swml-script-addresses-list,unmatched,,,,,
/rest/signalwire-rest/endpoints/fabric/swml-scripts,unmatched,,,,,
/rest/signalwire-rest/endpoints/fabric/swml-scripts-create,unmatched,,,,,
/rest/signalwire-rest/endpoints/fabric/swml-scripts-delete,unmatched,,,,,
/rest/signalwire-rest/endpoints/fabric/swml-scripts-list,unmatched,,,,,
/rest/signalwire-rest/endpoints/fabric/swml-scripts-read,unmatched,,,,,
/rest/signalwire-rest/endpoints/fabric/swml-scripts-update,unmatched,,,,,
/rest/signalwire-rest/endpoints/fabric/swml-webhook,unmatched,,,,,
/rest/signalwire-rest/endpoints/fabric/swml-webhook-addresses-list,unmatched,,,,,
/rest/signalwire-rest/endpoints/fabric/swml-webhooks-create,unmatched,,,,,
/rest/signalwire-rest/endpoints/fabric/swml-webhooks-delete,unmatched,,,,,
/rest/signalwire-rest/endpoints/fabric/swml-webhooks-list,unmatched,,,,,
/rest/signalwire-rest/endpoints/fabric/swml-webhooks-read,unmatched,,,,,
/rest/signalwire-rest/endpoints/fabric/swml-webhooks-update,unmatched,,,,,
/rest/signalwire-rest/endpoints/fax,unmatched,,,,,
/rest/signalwire-rest/endpoints/fax/fax-api,unmatched,,,,,
/rest/signalwire-rest/endpoints/fax/logs,unmatched,,,,,
/rest/signalwire-rest/endpoints/fax/logs-list,unmatched,,,,,
/rest/signalwire-rest/endpoints/fax/logs-read,unmatched,,,,,
/rest/signalwire-rest/endpoints/logs,unmatched,,,,,
/rest/signalwire-rest/endpoints/logs/conferences,unmatched,,,,,
/rest/signalwire-rest/endpoints/logs/conferences-list,unmatched,,,,,
/rest/signalwire-rest/endpoints/logs/logs-api,unmatched,,,,,
/rest/signalwire-rest/endpoints/messaging,unmatched,,,,,
/rest/signalwire-rest/endpoints/messaging/logs,unmatched,,,,,
/rest/signalwire-rest/endpoints/messaging/logs-list,unmatched,,,,,
/rest/signalwire-rest/endpoints/messaging/logs-retrieve,unmatched,,,,,
/rest/signalwire-rest/endpoints/messaging/message-api,unmatched,,,,,
/rest/signalwire-rest/endpoints/project,unmatched,,,,,
/rest/signalwire-rest/endpoints/project/create-token,unmatched,,,,,
/rest/signalwire-rest/endpoints/project/delete-token,unmatched,,,,,
/rest/signalwire-rest/endpoints/project/project-api,unmatched,,,,,
/rest/signalwire-rest/endpoints/project/tokens,unmatched,,,,,
/rest/signalwire-rest/endpoints/project/update-token,unmatched,,,,,
/rest/signalwire-rest/endpoints/pubsub,unmatched,,,,,
/rest/signalwire-rest/endpoints/pubsub/create-token,unmatched,,,,,
/rest/signalwire-rest/endpoints/pubsub/pubsub-api,unmatched,,,,,
/rest/signalwire-rest/endpoints/pubsub/tokens,unmatched,,,,,
/rest/signalwire-rest/endpoints/space,unmatched,,,,,
/rest/signalwire-rest/endpoints/space/addresses,unmatched,,,,,
/rest/signalwire-rest/endpoints/space/campaign-registry-beta,unmatched,,,,,
/rest/signalwire-rest/endpoints/space/create-a-queue,unmatched,,,,,
/rest/signalwire-rest/endpoints/space/create-address,unmatched,,,,,
/rest/signalwire-rest/endpoints/space/create-brand,unmatched,,,,,
/rest/signalwire-rest/endpoints/space/create-campaign,unmatched,,,,,
/rest/signalwire-rest/endpoints/space/create-domain-application,unmatched,,,,,
/rest/signalwire-rest/endpoints/space/create-imported-phone-number,unmatched,,,,,
/rest/signalwire-rest/endpoints/space/create-number-group,unmatched,,,,,
/rest/signalwire-rest/endpoints/space/create-number-group-membership,unmatched,,,,,
/rest/signalwire-rest/endpoints/space/create-order,unmatched,,,,,
/rest/signalwire-rest/endpoints/space/create-sip-endpoint,unmatched,,,,,
/rest/signalwire-rest/endpoints/space/create-verified-caller-id,unmatched,,,,,
/rest/signalwire-rest/endpoints/space/delete-a-queue,unmatched,,,,,
/rest/signalwire-rest/endpoints/space/delete-address,unmatched,,,,,
/rest/signalwire-rest/endpoints/space/delete-domain-application,unmatched,,,,,
/rest/signalwire-rest/endpoints/space/delete-number-assignment,unmatched,,,,,
/rest/signalwire-rest/endpoints/space/delete-number-group,unmatched,,,,,
/rest/signalwire-rest/endpoints/space/delete-number-group-membership,unmatched,,,,,
/rest/signalwire-rest/endpoints/space/delete-sip-endpoint,unmatched,,,,,
/rest/signalwire-rest/endpoints/space/delete-verified-caller-id,unmatched,,,,,
/rest/signalwire-rest/endpoints/space/domain-applications,unmatched,,,,,
/rest/signalwire-rest/endpoints/space/get-address,unmatched,,,,,
/rest/signalwire-rest/endpoints/space/imported-phone-numbers,unmatched,,,,,
/rest/signalwire-rest/endpoints/space/list-addresses,unmatched,,,,,
/rest/signalwire-rest/endpoints/space/list-brands,unmatched,,,,,
/rest/signalwire-rest/endpoints/space/list-campaigns,unmatched,,,,,
/rest/signalwire-rest/endpoints/space/list-domain-applications,unmatched,,,,,
/rest/signalwire-rest/endpoints/space/list-number-assignments,unmatched,,,,,
/rest/signalwire-rest/endpoints/space/list-number-group-memberships,unmatched,,,,,
/rest/signalwire-rest/endpoints/space/list-number-groups,unmatched,,,,,
/rest/signalwire-rest/endpoints/space/list-orders,unmatched,,,,,
/rest/signalwire-rest/endpoints/space/list-phone-numbers,unmatched,,,,,
/rest/signalwire-rest/endpoints/space/list-queue-members,unmatched,,,,,
/rest/signalwire-rest/endpoints/space/list-queues,unmatched,,,,,
/rest/signalwire-rest/endpoints/space/list-sip-endpoints,unmatched,,,,,
/rest/signalwire-rest/endpoints/space/list-verified-caller-ids,unmatched,,,,,
/rest/signalwire-rest/endpoints/space/lookup-phone-number,unmatched,,,,,
/rest/signalwire-rest/endpoints/space/multi-factor-authentication,unmatched,,,,,
/rest/signalwire-rest/endpoints/space/number-group-membership,unmatched,,,,,
/rest/signalwire-rest/endpoints/space/number-groups,unmatched,,,,,
/rest/signalwire-rest/endpoints/space/phone-number-lookup,unmatched,,,,,
/rest/signalwire-rest/endpoints/space/phone-numbers,unmatched,,,,,
/rest/signalwire-rest/endpoints/space/purchase-phone-number,unmatched,,,,,
/rest/signalwire-rest/endpoints/space/queues,unmatched,,,,,
/rest/signalwire-rest/endpoints/space/recordings,unmatched,,,,,
/rest/signalwire-rest/endpoints/space/recordings-delete,unmatched,,,,,
/rest/signalwire-rest/endpoints/space/recordings-get,unmatched,,,,,
/rest/signalwire-rest/endpoints/space/recordings-list,unmatched,,,,,
/rest/signalwire-rest/endpoints/space/redial-verification-call,unmatched,,,,,
/rest/signalwire-rest/endpoints/space/relay-rest-api-previous-version,unmatched,,,,,
/rest/signalwire-rest/endpoints/space/release-phone-number,unmatched,,,,,
/rest/signalwire-rest/endpoints/space/request-mfa-call,unmatched,,,,,
/rest/signalwire-rest/endpoints/space/request-mfa-sms,unmatched,,,,,
/rest/signalwire-rest/endpoints/space/retrieve-a-queue,unmatched,,,,,
/rest/signalwire-rest/endpoints/space/retrieve-brand,unmatched,,,,,
/rest/signalwire-rest/endpoints/space/retrieve-campaign,unmatched,,,,,
/rest/signalwire-rest/endpoints/space/retrieve-domain-application,unmatched,,,,,
/rest/signalwire-rest/endpoints/space/retrieve-next-queue-member,unmatched,,,,,
/rest/signalwire-rest/endpoints/space/retrieve-number-group,unmatched,,,,,
/rest/signalwire-rest/endpoints/space/retrieve-number-group-membership,unmatched,,,,,
/rest/signalwire-rest/endpoints/space/retrieve-order,unmatched,,,,,
/rest/signalwire-rest/endpoints/space/retrieve-phone-number,unmatched,,,,,
/rest/signalwire-rest/endpoints/space/retrieve-queue-member,unmatched,,,,,
/rest/signalwire-rest/endpoints/space/retrieve-sip-endpoint,unmatched,,,,,
/rest/signalwire-rest/endpoints/space/retrieve-sip-profile,unmatched,,,,,
/rest/signalwire-rest/endpoints/space/retrieve-verified-caller-id,unmatched,,,,,
/rest/signalwire-rest/endpoints/space/search-available-phone-numbers,unmatched,,,,,
/rest/signalwire-rest/endpoints/space/sip-endpoints,unmatched,,,,,
/rest/signalwire-rest/endpoints/space/sip-profile,unmatched,,,,,
/rest/signalwire-rest/endpoints/space/update-a-queue,unmatched,,,,,
/rest/signalwire-rest/endpoints/space/update-campaign,unmatched,,,,,
/rest/signalwire-rest/endpoints/space/update-domain-application,unmatched,,,,,
/rest/signalwire-rest/endpoints/space/update-number-group,unmatched,,,,,
/rest/signalwire-rest/endpoints/space/update-phone-number,unmatched,,,,,
/rest/signalwire-rest/endpoints/space/update-sip-endpoint,unmatched,,,,,
/rest/signalwire-rest/endpoints/space/update-sip-profile,unmatched,,,,,
/rest/signalwire-rest/endpoints/space/update-verified-caller-id,unmatched,,,,,
/rest/signalwire-rest/endpoints/space/validate-verification-code,unmatched,,,,,
/rest/signalwire-rest/endpoints/space/verified-caller-i-ds,unmatched,,,,,
/rest/signalwire-rest/endpoints/space/verify-mfa-token,unmatched,,,,,
/rest/signalwire-rest/endpoints/video,unmatched,,,,,
/rest/signalwire-rest/endpoints/video/conference-tokens,unmatched,,,,,
/rest/signalwire-rest/endpoints/video/conferences,unmatched,,,,,
/rest/signalwire-rest/endpoints/video/create-room,unmatched,,,,,
/rest/signalwire-rest/endpoints/video/create-room-token,unmatched,,,,,
/rest/signalwire-rest/endpoints/video/create-stream-by-conference-id,unmatched,,,,,
/rest/signalwire-rest/endpoints/video/create-stream-by-room-id,unmatched,,,,,
/rest/signalwire-rest/endpoints/video/create-video-conference,unmatched,,,,,
/rest/signalwire-rest/endpoints/video/delete-room,unmatched,,,,,
/rest/signalwire-rest/endpoints/video/delete-room-recording,unmatched,,,,,
/rest/signalwire-rest/endpoints/video/delete-stream,unmatched,,,,,
/rest/signalwire-rest/endpoints/video/delete-video-conference,unmatched,,,,,
/rest/signalwire-rest/endpoints/video/get-conference-token,unmatched,,,,,
/rest/signalwire-rest/endpoints/video/get-log,unmatched,,,,,
/rest/signalwire-rest/endpoints/video/get-room,unmatched,,,,,
/rest/signalwire-rest/endpoints/video/get-room-by-name,unmatched,,,,,
/rest/signalwire-rest/endpoints/video/get-room-recording,unmatched,,,,,
/rest/signalwire-rest/endpoints/video/get-room-session,unmatched,,,,,
/rest/signalwire-rest/endpoints/video/get-stream,unmatched,,,,,
/rest/signalwire-rest/endpoints/video/get-video-conference,unmatched,,,,,
/rest/signalwire-rest/endpoints/video/list-conference-tokens,unmatched,,,,,
/rest/signalwire-rest/endpoints/video/list-logs,unmatched,,,,,
/rest/signalwire-rest/endpoints/video/list-room-recordings,unmatched,,,,,
/rest/signalwire-rest/endpoints/video/list-room-recordings-by-session,unmatched,,,,,
/rest/signalwire-rest/endpoints/video/list-room-session-members-by-session,unmatched,,,,,
/rest/signalwire-rest/endpoints/video/list-room-sessions,unmatched,,,,,
/rest/signalwire-rest/endpoints/video/list-rooms,unmatched,,,,,
/rest/signalwire-rest/endpoints/video/list-streams-by-conference-id,unmatched,,,,,
/rest/signalwire-rest/endpoints/video/list-streams-by-room-id,unmatched,,,,,
/rest/signalwire-rest/endpoints/video/list-video-conferences,unmatched,,,,,
/rest/signalwire-rest/endpoints/video/logs,unmatched,,,,,
/rest/signalwire-rest/endpoints/video/reset-conference-token,unmatched,,,,,
/rest/signalwire-rest/endpoints/video/room-recordings,unmatched,,,,,
/rest/signalwire-rest/endpoints/video/room-sessions,unmatched,,,,,
/rest/signalwire-rest/endpoints/video/room-tokens,unmatched,,,,,
/rest/signalwire-rest/endpoints/video/rooms,unmatched,,,,,
/rest/signalwire-rest/endpoints/video/streams,unmatched,,,,,
/rest/signalwire-rest/endpoints/video/update-room,unmatched,,,,,
/rest/signalwire-rest/endpoints/video/update-stream,unmatched,,,,,
/rest/signalwire-rest/endpoints/video/update-video-conference,unmatched,,,,,
/rest/signalwire-rest/endpoints/video/video-api,unmatched,,,,,
/rest/signalwire-rest/endpoints/voice,unmatched,,,,,
/rest/signalwire-rest/endpoints/voice/logs,unmatched,,,,,
/rest/signalwire-rest/endpoints/voice/logs-list,unmatched,,,,,
/rest/signalwire-rest/endpoints/voice/logs-list-events,unmatched,,,,,
/rest/signalwire-rest/endpoints/voice/logs-retrieve,unmatched,,,,,
/rest/signalwire-rest/endpoints/voice/voice-api,unmatched,,,,,
/rest/signalwire-rest/guides,unmatched,,,,,
/rest/signalwire-rest/guides/campaign-registry/assign-numbers-to-a-campaign-in-bulk,unmatched,,,,,
/rest/signalwire-rest/guides/campaign-registry/delete-all-number-assignments,unmatched,,,,,
/rest/signalwire-rest/guides/campaign-registry/delete-all-number-assignments-from-multiple-campaigns,unmatched,,,,,
/rest/signalwire-rest/guides/campaign-registry/list-all-campaign-number-assignments-to-csv,unmatched,,,,,
/rest/signalwire-rest/guides/campaign-registry/list-phone-numbers-assigned-to-a-specific-campaign,unmatched,,,,,
/rest/signalwire-rest/guides/campaign-registry/release-campaign-numbers-from-csv,unmatched,,,,,
/rest/signalwire-rest/guides/datasphere/curl-usage,unmatched,,,,,
/rest/signalwire-rest/guides/datasphere/pdf-ingestion-best-practices,unmatched,,,,,
/rest/signalwire-rest/overview,unmatched,,,,,
/rest/signalwire-rest/overview/error-codes,unmatched,,,,,
/rest/signalwire-rest/overview/paging,unmatched,,,,,
/rest/signalwire-rest/overview/permissions,unmatched,,,,,
/sdks/browser-sdk,unmatched,,,,,
/sdks/browser-sdk/chat,unmatched,,,,,
/sdks/browser-sdk/chat/client,unmatched,,,,,
/sdks/browser-sdk/chat/member,unmatched,,,,,
/sdks/browser-sdk/chat/member-entity,unmatched,,,,,
/sdks/browser-sdk/chat/message,unmatched,,,,,
/sdks/browser-sdk/chat/message-entity,unmatched,,,,,
/sdks/browser-sdk/guides/video,unmatched,,,,,
/sdks/browser-sdk/guides/video/highlighting-whos-speaking,unmatched,,,,,
/sdks/browser-sdk/guides/video/sharing-your-screen,unmatched,,,,,
/sdks/browser-sdk/guides/video/switch-webcam-or-microphone,unmatched,,,,,
/sdks/browser-sdk/guides/video/video-overlays,unmatched,,,,,
/sdks/browser-sdk/pubsub,unmatched,,,,,
/sdks/browser-sdk/pubsub/client,unmatched,,,,,
/sdks/browser-sdk/pubsub/message,unmatched,,,,,
/sdks/browser-sdk/signalwire-client,unmatched,,,,,
/sdks/browser-sdk/signalwire-client/client,unmatched,,,,,
/sdks/browser-sdk/signalwire-client/client/address,unmatched,,,,,
/sdks/browser-sdk/signalwire-client/client/chat,unmatched,,,,,
/sdks/browser-sdk/signalwire-client/client/conversation,unmatched,,,,,
/sdks/browser-sdk/signalwire-client/notifications,unmatched,,,,,
/sdks/browser-sdk/signalwire-client/utils,unmatched,,,,,
/sdks/browser-sdk/technical-reference,unmatched,,,,,
/sdks/browser-sdk/v2/call,unmatched,,,,,
/sdks/browser-sdk/v2/client,unmatched,,,,,
/sdks/browser-sdk/v2/guides,unmatched,,,,,
/sdks/browser-sdk/v2/guides/v2-vs-v3,unmatched,,,,,
/sdks/browser-sdk/v2/notification,unmatched,,,,,
/sdks/browser-sdk/video,unmatched,,,,,
/sdks/browser-sdk/video/local-overlay,unmatched,,,,,
/sdks/browser-sdk/video/room-device,unmatched,,,,,
/sdks/browser-sdk/video/room-screenshare,unmatched,,,,,
/sdks/browser-sdk/video/room-session,unmatched,,,,,
/sdks/browser-sdk/video/room-session-device,unmatched,,,,,
/sdks/browser-sdk/video/room-session-playback,unmatched,,,,,
/sdks/browser-sdk/video/room-session-recording,unmatched,,,,,
/sdks/browser-sdk/video/room-session-screenshare,unmatched,,,,,
/sdks/browser-sdk/video/room-session-stream,unmatched,,,,,
/sdks/browser-sdk/webrtc,unmatched,,,,,
/sdks/realtime-sdk/chat,unmatched,,,,,
/sdks/realtime-sdk/chat/chat-member,unmatched,,,,,
/sdks/realtime-sdk/chat/chat-message,unmatched,,,,,
/sdks/realtime-sdk/chat/client,unmatched,,,,,
/sdks/realtime-sdk/guides/messaging,unmatched,,,,,
/sdks/realtime-sdk/guides/messaging/forwarding-texts-to-email,unmatched,,,,,
/sdks/realtime-sdk/guides/messaging/send-sms-from-the-browser,unmatched,,,,,
/sdks/realtime-sdk/guides/voice,unmatched,,,,,
/sdks/realtime-sdk/guides/voice/stop-robocalls,unmatched,,,,,
/sdks/realtime-sdk/guides/voice/weather-phone,unmatched,,,,,
/sdks/realtime-sdk/messaging,unmatched,,,,,
/sdks/realtime-sdk/messaging/client,unmatched,,,,,
/sdks/realtime-sdk/messaging/message-contract,unmatched,,,,,
/sdks/realtime-sdk/messaging/messaging-sendresult,unmatched,,,,,
/sdks/realtime-sdk/pubsub,unmatched,,,,,
/sdks/realtime-sdk/pubsub/client,unmatched,,,,,
/sdks/realtime-sdk/pubsub/pubsubmessage,unmatched,,,,,
/sdks/realtime-sdk/realtime-client,unmatched,,,,,
/sdks/realtime-sdk/task,unmatched,,,,,
/sdks/realtime-sdk/task/client,unmatched,,,,,
/sdks/realtime-sdk/technical-reference,unmatched,,,,,
/sdks/realtime-sdk/v2,unmatched,,,,,
/sdks/realtime-sdk/v2/guides/voice/stop-robocalls,unmatched,,,,,
/sdks/realtime-sdk/v3/chat,unmatched,,,,,
/sdks/realtime-sdk/v3/chat/client,unmatched,,,,,
/sdks/realtime-sdk/v3/chat/member,unmatched,,,,,
/sdks/realtime-sdk/v3/chat/message,unmatched,,,,,
/sdks/realtime-sdk/v3/guides/messaging,unmatched,,,,,
/sdks/realtime-sdk/v3/guides/messaging/forwarding-texts-to-email,unmatched,,,,,
/sdks/realtime-sdk/v3/guides/messaging/send-sms-from-the-browser,unmatched,,,,,
/sdks/realtime-sdk/v3/guides/voice,unmatched,,,,,
/sdks/realtime-sdk/v3/guides/voice/weather-phone,unmatched,,,,,
/sdks/realtime-sdk/v3/messaging,unmatched,,,,,
/sdks/realtime-sdk/v3/messaging/client,unmatched,,,,,
/sdks/realtime-sdk/v3/messaging/message-contract,unmatched,,,,,
/sdks/realtime-sdk/v3/messaging/messaging-sendresult,unmatched,,,,,
/sdks/realtime-sdk/v3/pubsub,unmatched,,,,,
/sdks/realtime-sdk/v3/pubsub/client,unmatched,,,,,
/sdks/realtime-sdk/v3/realtime-client,unmatched,,,,,
/sdks/realtime-sdk/v3/task,unmatched,,,,,
/sdks/realtime-sdk/v3/task/client,unmatched,,,,,
/sdks/realtime-sdk/v3/technical-reference,unmatched,,,,,
/sdks/realtime-sdk/v3/video,unmatched,,,,,
/sdks/realtime-sdk/v3/video/client,unmatched,,,,,
/sdks/realtime-sdk/v3/video/room-session,unmatched,,,,,
/sdks/realtime-sdk/v3/video/roomsession-fullstate,unmatched,,,,,
/sdks/realtime-sdk/v3/video/roomsession-member,unmatched,,,,,
/sdks/realtime-sdk/v3/video/roomsession-playback,unmatched,,,,,
/sdks/realtime-sdk/v3/video/roomsession-recording,unmatched,,,,,
/sdks/realtime-sdk/v3/video/roomsession-stream,unmatched,,,,,
/sdks/realtime-sdk/v3/voice,unmatched,,,,,
/sdks/realtime-sdk/v3/voice/call,unmatched,,,,,
/sdks/realtime-sdk/v3/voice/call-collect,unmatched,,,,,
/sdks/realtime-sdk/v3/voice/call-detect,unmatched,,,,,
/sdks/realtime-sdk/v3/voice/call-playback,unmatched,,,,,
/sdks/realtime-sdk/v3/voice/call-prompt,unmatched,,,,,
/sdks/realtime-sdk/v3/voice/call-recording,unmatched,,,,,
/sdks/realtime-sdk/v3/voice/call-state,unmatched,,,,,
/sdks/realtime-sdk/v3/voice/call-tap,unmatched,,,,,
/sdks/realtime-sdk/v3/voice/client,unmatched,,,,,
/sdks/realtime-sdk/v3/voice/device-builder,unmatched,,,,,
/sdks/realtime-sdk/v3/voice/playlist,unmatched,,,,,
/sdks/realtime-sdk/v3/voice/types,unmatched,,,,,
/sdks/realtime-sdk/video,unmatched,,,,,
/sdks/realtime-sdk/video/client,unmatched,,,,,
/sdks/realtime-sdk/video/room-session-member,unmatched,,,,,
/sdks/realtime-sdk/video/room-session-playback,unmatched,,,,,
/sdks/realtime-sdk/video/roomsession,unmatched,,,,,
/sdks/realtime-sdk/video/roomsession-fullstate,unmatched,,,,,
/sdks/realtime-sdk/video/roomsession-recording,unmatched,,,,,
/sdks/realtime-sdk/video/roomsession-stream,unmatched,,,,,
/sdks/realtime-sdk/voice,unmatched,,,,,
/sdks/realtime-sdk/voice/call,unmatched,,,,,
/sdks/realtime-sdk/voice/call-collect,unmatched,,,,,
/sdks/realtime-sdk/voice/call-detect,unmatched,,,,,
/sdks/realtime-sdk/voice/call-playback,unmatched,,,,,
/sdks/realtime-sdk/voice/call-prompt,unmatched,,,,,
/sdks/realtime-sdk/voice/call-recording,unmatched,,,,,
/sdks/realtime-sdk/voice/call-state,unmatched,,,,,
/sdks/realtime-sdk/voice/call-tap,unmatched,,,,,
/sdks/realtime-sdk/voice/client,unmatched,,,,,
/sdks/realtime-sdk/voice/device-builder,unmatched,,,,,
/sdks/realtime-sdk/voice/playlist,unmatched,,,,,
/sdks/realtime-sdk/voice/types,unmatched,,,,,
/swml/guides,unmatched,,,,,
/swml/guides/ai,unmatched,,,,,
/swml/guides/ai/background-audio,unmatched,,,,,
/swml/guides/ai/holiday-special-santa-ai,unmatched,,,,,
/swml/guides/ai/swaig/functions,unmatched,,,,,
/swml/guides/ai/voicemail-bot-example,unmatched,,,,,
/swml/guides/methods,unmatched,,,,,
/swml/methods/ai/languages/params,unmatched,,,,,
/swml/methods/ai/params/conscience,unmatched,,,,,
/swml/methods/ai/params/hold-music,unmatched,,,,,
/swml/methods/ai/params/interrupt-prompt,unmatched,,,,,
/swml/methods/ai/swaig/defaults/web-hook-url,unmatched,,,,,
/swml/methods/amazon-bedrock/swaig/defaults/web-hook-url,unmatched,,,,,
/video/guides,unmatched,,,,,
/voice/getting-started/how-to-gather-keypad-input-from-user,unmatched,,,,,
/voice/guides/general/how-to-set-caller-id-or-cnam,unmatched,,,,,
