doc_id,title,slug,file_path,product
c42c8c92-44bf-49d8-b87c-6727041f8aeb,Events,/reference/chat/client/events,browser-sdk\pages\latest\reference\chat\Client\events.mdx,browser-sdk
0a7be4d8-669f-487b-a393-6c3c9ded3b8e,disconnect,/reference/chat/client/disconnect,browser-sdk\pages\latest\reference\chat\Client\methods\disconnect.mdx,browser-sdk
3259fee0-8103-4b15-8d5f-825193d1a110,getAllowedChannels,/reference/chat/client/get-allowed-channels,browser-sdk\pages\latest\reference\chat\Client\methods\getAllowedChannels.mdx,browser-sdk
d79ad2e4-c09a-416b-85de-89a0b1ce5be7,getMembers,/reference/chat/client/get-members,browser-sdk\pages\latest\reference\chat\Client\methods\getMembers.mdx,browser-sdk
9c2ea691-eb38-41f8-bc30-92eb498b38f2,getMemberState,/reference/chat/client/get-member-state,browser-sdk\pages\latest\reference\chat\Client\methods\getMemberState.mdx,browser-sdk
e6e1d127-ec6b-427f-b9ce-3f0a2d8798ea,getMessages,/reference/chat/client/get-messages,browser-sdk\pages\latest\reference\chat\Client\methods\getMessages.mdx,browser-sdk
948664c3-ec7f-4ae8-b791-8a8b3c0c1f7a,False,/reference/chat/client/off,browser-sdk\pages\latest\reference\chat\Client\methods\off.mdx,browser-sdk
c0bcd31d-3de6-4c1d-b0a1-d7d2df59f265,True,/reference/chat/client/on,browser-sdk\pages\latest\reference\chat\Client\methods\on.mdx,browser-sdk
cfeac22a-42c5-45b2-b7d8-e37bd486b48d,once,/reference/chat/client/once,browser-sdk\pages\latest\reference\chat\Client\methods\once.mdx,browser-sdk
a51dc21e-c22c-4186-8107-ec0399c1d425,publish,/reference/chat/client/publish,browser-sdk\pages\latest\reference\chat\Client\methods\publish.mdx,browser-sdk
49969a55-79b7-47ab-889d-16a42a306278,removeAllListeners,/reference/chat/client/remove-all-listeners,browser-sdk\pages\latest\reference\chat\Client\methods\removeAllListeners.mdx,browser-sdk
5da3414b-ff3c-4e34-aa22-4d5754004b3a,setMemberState,/reference/chat/client/set-member-state,browser-sdk\pages\latest\reference\chat\Client\methods\setMemberState.mdx,browser-sdk
e40f38c6-1f8d-4f08-acea-2a553db78fbc,subscribe,/reference/chat/client/subscribe,browser-sdk\pages\latest\reference\chat\Client\methods\subscribe.mdx,browser-sdk
1d34e9d2-8e14-4f08-95f6-0e7e37a74b80,unsubscribe,/reference/chat/client/unsubscribe,browser-sdk\pages\latest\reference\chat\Client\methods\unsubscribe.mdx,browser-sdk
93ee53ad-78e5-42a2-b09f-e4aec9a7c30e,updateToken,/reference/chat/client/update-token,browser-sdk\pages\latest\reference\chat\Client\methods\updateToken.mdx,browser-sdk
,Events,/reference/pubsub/client/events,browser-sdk\pages\latest\reference\pubsub\pubsub-client\events.mdx,browser-sdk
,disconnect,/reference/pubsub/client/disconnect,browser-sdk\pages\latest\reference\pubsub\pubsub-client\methods\disconnect.mdx,browser-sdk
,getAllowedChannels,/reference/pubsub/client/get-allowed-channels,browser-sdk\pages\latest\reference\pubsub\pubsub-client\methods\get-allowed-channels.mdx,browser-sdk
,off,/reference/pubsub/client/off,browser-sdk\pages\latest\reference\pubsub\pubsub-client\methods\off.mdx,browser-sdk
,on,/reference/pubsub/client/on,browser-sdk\pages\latest\reference\pubsub\pubsub-client\methods\on.mdx,browser-sdk
,once,/reference/pubsub/client/once,browser-sdk\pages\latest\reference\pubsub\pubsub-client\methods\once.mdx,browser-sdk
,publish,/reference/pubsub/client/publish,browser-sdk\pages\latest\reference\pubsub\pubsub-client\methods\publish.mdx,browser-sdk
,removeAllListeners,/reference/pubsub/client/remove-all-listeners,browser-sdk\pages\latest\reference\pubsub\pubsub-client\methods\remove-all-listeners.mdx,browser-sdk
,subscribe,/reference/pubsub/client/subscribe,browser-sdk\pages\latest\reference\pubsub\pubsub-client\methods\subscribe.mdx,browser-sdk
,unsubscribe,/reference/pubsub/client/unsubscribe,browser-sdk\pages\latest\reference\pubsub\pubsub-client\methods\unsubscribe.mdx,browser-sdk
,updateToken,/reference/pubsub/client/update-token,browser-sdk\pages\latest\reference\pubsub\pubsub-client\methods\update-token.mdx,browser-sdk
,connect,/reference/signalwire/client/connect,browser-sdk\pages\latest\reference\signalwire-client\client\methods\connect.mdx,browser-sdk
,dial,/reference/signalwire/client/dial,browser-sdk\pages\latest\reference\signalwire-client\client\methods\dial.mdx,browser-sdk
,disconnect,/reference/signalwire/client/disconnect,browser-sdk\pages\latest\reference\signalwire-client\client\methods\disconnect.mdx,browser-sdk
,getSubscriberInfo,/reference/signalwire/client/get-subscriber-info,browser-sdk\pages\latest\reference\signalwire-client\client\methods\get-subscriber-info.mdx,browser-sdk
,offline,/reference/signalwire/client/offline,browser-sdk\pages\latest\reference\signalwire-client\client\methods\offline.mdx,browser-sdk
,online,/reference/signalwire/client/online,browser-sdk\pages\latest\reference\signalwire-client\client\methods\online.mdx,browser-sdk
,updateToken,/reference/signalwire/client/update-token,browser-sdk\pages\latest\reference\signalwire-client\client\methods\update-token.mdx,browser-sdk
59ae8343-ac8e-4ce8-ae60-68a75a594294,Events,/reference/video/room-session/events,browser-sdk\pages\latest\reference\video\RoomSession\events.mdx,browser-sdk
1bffacce-32eb-4e77-9aa7-ded76b8228f1,RoomSession,/reference/video/room-session,browser-sdk\pages\latest\reference\video\RoomSession\index.mdx,browser-sdk
15cb60a8-6c7e-47aa-a97e-a1c2fb14ab4f,addCamera,/reference/video/room-session/add-camera,browser-sdk\pages\latest\reference\video\RoomSession\methods\addcamera.mdx,browser-sdk
84f94563-e6ae-4c33-85ae-4ee4bd79d72d,addDevice,/reference/video/room-session/add-device,browser-sdk\pages\latest\reference\video\RoomSession\methods\adddevice.mdx,browser-sdk
44b5403e-f687-4974-bf96-b1f801966510,addMicrophone,/reference/video/room-session/add-microphone,browser-sdk\pages\latest\reference\video\RoomSession\methods\addmicrophone.mdx,browser-sdk
cce1edcc-07dd-420f-9cd4-829826dd1cb3,audioMute,/reference/video/room-session/audio-mute,browser-sdk\pages\latest\reference\video\RoomSession\methods\audiomute.mdx,browser-sdk
ee55dab3-a114-4e83-9951-3fb602d4ddcd,audioUnmute,/reference/video/room-session/audio-unmute,browser-sdk\pages\latest\reference\video\RoomSession\methods\audiounmute.mdx,browser-sdk
b9da829c-670b-4c4f-8e06-7d9e3b776b42,createScreenShareObject,/reference/video/room-session/create-screen-share-object,browser-sdk\pages\latest\reference\video\RoomSession\methods\createscreenshareobject.mdx,browser-sdk
af622ec0-05e6-48b2-9df8-b755fd118188,deaf,/reference/video/room-session/deaf,browser-sdk\pages\latest\reference\video\RoomSession\methods\deaf.mdx,browser-sdk
2d08caa0-6b13-48de-8ffd-523717a8b390,deleteMemberMeta,/reference/video/room-session/delete-member-meta,browser-sdk\pages\latest\reference\video\RoomSession\methods\deletemembermeta.mdx,browser-sdk
e503df7c-b9f5-40a5-9ed1-c21cf95e3980,deleteMeta,/reference/video/room-session/delete-meta,browser-sdk\pages\latest\reference\video\RoomSession\methods\deletemeta.mdx,browser-sdk
a6367e13-ab3f-4c56-9083-212061ee8ae6,demote,/reference/video/room-session/demote,browser-sdk\pages\latest\reference\video\RoomSession\methods\demote.mdx,browser-sdk
e139d10f-86aa-4603-8fcf-62110083c3e7,destroy,/reference/video/room-session/destroy,browser-sdk\pages\latest\reference\video\RoomSession\methods\destroy.mdx,browser-sdk
7c4fda67-b470-4d3a-86e4-afbc66a0528c,getLayouts,/reference/video/room-session/get-layouts,browser-sdk\pages\latest\reference\video\RoomSession\methods\getlayouts.mdx,browser-sdk
57a77bef-5873-4227-b5f6-44fc2cb7354e,getMemberMeta,/reference/video/room-session/get-member-meta,browser-sdk\pages\latest\reference\video\RoomSession\methods\getmembermeta.mdx,browser-sdk
3335afb2-6f2c-4f49-9495-cbd6b0eb937c,getMembers,/reference/video/room-session/get-members,browser-sdk\pages\latest\reference\video\RoomSession\methods\getmembers.mdx,browser-sdk
bfddc095-4e83-4e1c-9c7f-95de42ee3633,getMeta,/reference/video/room-session/get-meta,browser-sdk\pages\latest\reference\video\RoomSession\methods\getmeta.mdx,browser-sdk
73eb23e0-557c-41c5-a13f-5e861cdc6f8b,getPlaybacks,/reference/video/room-session/get-playbacks,browser-sdk\pages\latest\reference\video\RoomSession\methods\getplaybacks.mdx,browser-sdk
93d9ce71-4443-49f4-8a76-ea38b84b4161,getRecordings,/reference/video/room-session/get-recordings,browser-sdk\pages\latest\reference\video\RoomSession\methods\getrecordings.mdx,browser-sdk
a5564972-7576-41f6-8677-bb3b967922cb,getStreams,/reference/video/room-session/get-streams,browser-sdk\pages\latest\reference\video\RoomSession\methods\getstreams.mdx,browser-sdk
a4cc92ac-53d0-4d88-99c8-36e6b35995e1,hangupAll,/reference/video/room-session/hangup-all,browser-sdk\pages\latest\reference\video\RoomSession\methods\hangupall.mdx,browser-sdk
e954bda1-8965-45eb-b780-a79531a32757,hideVideoMuted,/reference/video/room-session/hide-video-muted,browser-sdk\pages\latest\reference\video\RoomSession\methods\hidevideomuted.mdx,browser-sdk
0c7d0aa9-a8bb-4370-93a0-7d14b2db0b43,join,/reference/video/room-session/join,browser-sdk\pages\latest\reference\video\RoomSession\methods\join.mdx,browser-sdk
b4b00a5e-4a22-4681-a53d-84127186ad59,leave,/reference/video/room-session/leave,browser-sdk\pages\latest\reference\video\RoomSession\methods\leave.mdx,browser-sdk
eb40ce98-24b9-4cd8-8b37-92bda0e1689e,lock,/reference/video/room-session/lock,browser-sdk\pages\latest\reference\video\RoomSession\methods\lock.mdx,browser-sdk
b02aad92-cf64-40b2-ae69-44cb2504a8c6,off,/reference/video/room-session/off,browser-sdk\pages\latest\reference\video\RoomSession\methods\off.mdx,browser-sdk
afa6d13e-53c3-4203-ab61-deb891bc1a22,on,/reference/video/room-session/on,browser-sdk\pages\latest\reference\video\RoomSession\methods\on.mdx,browser-sdk
67d77c2a-294b-41b7-b442-191415ddb41b,once,/reference/video/room-session/once,browser-sdk\pages\latest\reference\video\RoomSession\methods\once.mdx,browser-sdk
2b4320a5-9db0-4bef-834b-08f4d84fff15,play,/reference/video/room-session/play,browser-sdk\pages\latest\reference\video\RoomSession\methods\play.mdx,browser-sdk
dd0917b2-b1c6-4a7d-8542-e1df35fa40f8,promote,/reference/video/room-session/promote,browser-sdk\pages\latest\reference\video\RoomSession\methods\promote.mdx,browser-sdk
b99b7e08-682f-41ba-891a-502ffd65a622,removeAllListeners,/reference/video/room-session/remove-all-listeners,browser-sdk\pages\latest\reference\video\RoomSession\methods\removealllisteners.mdx,browser-sdk
5922f315-c141-4964-b732-3a0d2a89001b,removeAllMembers,/reference/video/room-session/remove-all-members,browser-sdk\pages\latest\reference\video\RoomSession\methods\removeallmembers.mdx,browser-sdk
0c002e78-a0a8-4065-9abb-9f3a89fcdbda,removeMember,/reference/video/room-session/remove-member,browser-sdk\pages\latest\reference\video\RoomSession\methods\removemember.mdx,browser-sdk
d1223d6b-4071-4cdc-91cf-1c567157057e,sendDigits,/reference/video/room-session/send-digits,browser-sdk\pages\latest\reference\video\RoomSession\methods\senddigits.mdx,browser-sdk
f84e1ddb-6f7a-4faf-824a-7801dc58ba19,setHideVideoMuted,/reference/video/room-session/set-hide-video-muted,browser-sdk\pages\latest\reference\video\RoomSession\methods\sethidevideomuted.mdx,browser-sdk
c5e78ad1-50de-4a0d-9ca9-4b39bba5c289,setInputSensitivity,/reference/video/room-session/set-input-sensitivity,browser-sdk\pages\latest\reference\video\RoomSession\methods\setinputsensitivity.mdx,browser-sdk
8f366f6e-e143-45c4-b0ad-751555a5be8e,setInputVolume,/reference/video/room-session/set-input-volume,browser-sdk\pages\latest\reference\video\RoomSession\methods\setinputvolume.mdx,browser-sdk
c08b952a-f803-4d75-b44d-67b575b04812,setLayout,/reference/video/room-session/set-layout,browser-sdk\pages\latest\reference\video\RoomSession\methods\setlayout.mdx,browser-sdk
e59ebafa-35d6-4c9b-b003-be766e6bbf2d,setLocalStream,/reference/video/room-session/set-local-stream,browser-sdk\pages\latest\reference\video\RoomSession\methods\setlocalstream.mdx,browser-sdk
ae7188d1-c221-4195-9f6a-9a5326f88b9e,setMemberMeta,/reference/video/room-session/set-member-meta,browser-sdk\pages\latest\reference\video\RoomSession\methods\setmembermeta.mdx,browser-sdk
5ae43e9c-5a9f-4588-9102-1a1e311aef3a,setMemberPosition,/reference/video/room-session/set-member-position,browser-sdk\pages\latest\reference\video\RoomSession\methods\setmemberposition.mdx,browser-sdk
b662ef15-6945-429c-ac9f-ef7f54350988,setMeta,/reference/video/room-session/set-meta,browser-sdk\pages\latest\reference\video\RoomSession\methods\setmeta.mdx,browser-sdk
ecd82b47-c8bf-4173-8c4d-8ff63c748dce,setOutputVolume,/reference/video/room-session/set-output-volume,browser-sdk\pages\latest\reference\video\RoomSession\methods\setoutputvolume.mdx,browser-sdk
1ac66cfd-4093-477c-ab15-636ed9636546,setPositions,/reference/video/room-session/set-positions,browser-sdk\pages\latest\reference\video\RoomSession\methods\setpositions.mdx,browser-sdk
e44cd298-7b32-4ee8-aa97-0bd824dd6a26,setPrioritizeHandraise,/reference/video/room-session/set-prioritize-handraise,browser-sdk\pages\latest\reference\video\RoomSession\methods\setprioritizehandraise.mdx,browser-sdk
8ec3f4b7-e10d-453f-92b8-f036e6da668a,setRaisedHand,/reference/video/room-session/set-raised-hand,browser-sdk\pages\latest\reference\video\RoomSession\methods\setraisedhand.mdx,browser-sdk
7d4d0073-a8ec-4c80-b4f5-c3e9f754b507,showVideoMuted,/reference/video/room-session/show-video-muted,browser-sdk\pages\latest\reference\video\RoomSession\methods\showvideomuted.mdx,browser-sdk
d8f68ef1-5232-4751-a121-35b58c71aec2,startRecording,/reference/video/room-session/start-recording,browser-sdk\pages\latest\reference\video\RoomSession\methods\startrecording.mdx,browser-sdk
f09b8220-8acc-4e19-b85d-c21bcf6b405b,startScreenShare,/reference/video/room-session/start-screen-share,browser-sdk\pages\latest\reference\video\RoomSession\methods\startscreenshare.mdx,browser-sdk
7cf6cebd-4ada-4e9b-a349-fd46f7b6e74a,startStream,/reference/video/room-session/start-stream,browser-sdk\pages\latest\reference\video\RoomSession\methods\startstream.mdx,browser-sdk
fe1f86ba-9cca-4aef-9382-bf6dbf5a8ef7,undeaf,/reference/video/room-session/undeaf,browser-sdk\pages\latest\reference\video\RoomSession\methods\undeaf.mdx,browser-sdk
c0ee5f97-3275-43b9-b77d-227538ac9086,unlock,/reference/video/room-session/unlock,browser-sdk\pages\latest\reference\video\RoomSession\methods\unlock.mdx,browser-sdk
66346ab2-684d-410e-a35d-0d2b5801252f,updateCamera,/reference/video/room-session/update-camera,browser-sdk\pages\latest\reference\video\RoomSession\methods\updatecamera.mdx,browser-sdk
d1d1280b-091f-4d90-b88f-af659ca36488,updateMemberMeta,/reference/video/room-session/update-member-meta,browser-sdk\pages\latest\reference\video\RoomSession\methods\updatemembermeta.mdx,browser-sdk
9324a243-d40a-471c-8eea-83dabafa65a6,updateMeta,/reference/video/room-session/update-meta,browser-sdk\pages\latest\reference\video\RoomSession\methods\updatemeta.mdx,browser-sdk
fc46fe7a-7fcf-4627-bafb-83f19aa84373,updateMicrophone,/reference/video/room-session/update-microphone,browser-sdk\pages\latest\reference\video\RoomSession\methods\updatemicrophone.mdx,browser-sdk
6c2258fe-d9ae-4d65-92f3-c51e5d6700d7,updateSpeaker,/reference/video/room-session/update-speaker,browser-sdk\pages\latest\reference\video\RoomSession\methods\updatespeaker.mdx,browser-sdk
76d7e4b4-93f5-492a-9e93-ad800a1ef549,videoMute,/reference/video/room-session/video-mute,browser-sdk\pages\latest\reference\video\RoomSession\methods\videomute.mdx,browser-sdk
bc0dc969-d916-4fa1-8a09-32afe09a7818,videoUnmute,/reference/video/room-session/video-unmute,browser-sdk\pages\latest\reference\video\RoomSession\methods\videounmute.mdx,browser-sdk
,audioMute,/reference/video/room-session-device/audio-mute,browser-sdk\pages\latest\reference\video\RoomSessionDevice\methods\audio-mute.mdx,browser-sdk
,audioUnmute,/reference/video/room-session-device/audio-unmute,browser-sdk\pages\latest\reference\video\RoomSessionDevice\methods\audio-unmute.mdx,browser-sdk
,join,/reference/video/room-session-device/join,browser-sdk\pages\latest\reference\video\RoomSessionDevice\methods\join.mdx,browser-sdk
,leave,/reference/video/room-session-device/leave,browser-sdk\pages\latest\reference\video\RoomSessionDevice\methods\leave.mdx,browser-sdk
,setInputSensitivity,/reference/video/room-session-device/set-input-sensitivity,browser-sdk\pages\latest\reference\video\RoomSessionDevice\methods\set-input-sensitivity.mdx,browser-sdk
,setInputVolume,/reference/video/room-session-device/set-input-volume,browser-sdk\pages\latest\reference\video\RoomSessionDevice\methods\set-input-volume.mdx,browser-sdk
,setMicrophoneVolume,/reference/video/room-session-device/set-microphone-volume,browser-sdk\pages\latest\reference\video\RoomSessionDevice\methods\set-microphone-volume.mdx,browser-sdk
,updateCamera,/reference/video/room-session-device/update-camera,browser-sdk\pages\latest\reference\video\RoomSessionDevice\methods\update-camera.mdx,browser-sdk
,updateMicrophone,/reference/video/room-session-device/update-microphone,browser-sdk\pages\latest\reference\video\RoomSessionDevice\methods\update-microphone.mdx,browser-sdk
,videoMute,/reference/video/room-session-device/video-mute,browser-sdk\pages\latest\reference\video\RoomSessionDevice\methods\video-mute.mdx,browser-sdk
,videoUnmute,/reference/video/room-session-device/video-unmute,browser-sdk\pages\latest\reference\video\RoomSessionDevice\methods\video-unmute.mdx,browser-sdk
,audioMute,/reference/video/room-session-screenshare/audio-mute,browser-sdk\pages\latest\reference\video\RoomSessionScreenShare\methods\audio-mute.mdx,browser-sdk
,audioUnmute,/reference/video/room-session-screenshare/audio-unmute,browser-sdk\pages\latest\reference\video\RoomSessionScreenShare\methods\audio-unmute.mdx,browser-sdk
,join,/reference/video/room-session-screenshare/join,browser-sdk\pages\latest\reference\video\RoomSessionScreenShare\methods\join.mdx,browser-sdk
,leave,/reference/video/room-session-screenshare/leave,browser-sdk\pages\latest\reference\video\RoomSessionScreenShare\methods\leave.mdx,browser-sdk
,setInputSensitivity,/reference/video/room-session-screenshare/set-input-sensitivity,browser-sdk\pages\latest\reference\video\RoomSessionScreenShare\methods\set-input-sensitivity.mdx,browser-sdk
,setInputVolume,/reference/video/room-session-screenshare/set-input-volume,browser-sdk\pages\latest\reference\video\RoomSessionScreenShare\methods\set-input-volume.mdx,browser-sdk
,setMicrophoneVolume,/reference/video/room-session-screenshare/set-microphone-volume,browser-sdk\pages\latest\reference\video\RoomSessionScreenShare\methods\set-microphone-volume.mdx,browser-sdk
,updateCamera,/reference/video/room-session-screenshare/update-camera,browser-sdk\pages\latest\reference\video\RoomSessionScreenShare\methods\update-camera.mdx,browser-sdk
,updateMicrophone,/reference/video/room-session-screenshare/update-microphone,browser-sdk\pages\latest\reference\video\RoomSessionScreenShare\methods\update-microphone.mdx,browser-sdk
,videoMute,/reference/video/room-session-screenshare/video-mute,browser-sdk\pages\latest\reference\video\RoomSessionScreenShare\methods\video-mute.mdx,browser-sdk
,videoUnmute,/reference/video/room-session-screenshare/video-unmute,browser-sdk\pages\latest\reference\video\RoomSessionScreenShare\methods\video-unmute.mdx,browser-sdk
,checkCameraPermissions,/reference/webrtc/check-camera-permissions,browser-sdk\pages\latest\reference\webrtc\functions\check-camera-permissions.mdx,browser-sdk
,checkMicrophonePermissions,/reference/webrtc/check-microphone-permissions,browser-sdk\pages\latest\reference\webrtc\functions\check-microphone-permissions.mdx,browser-sdk
,checkPermissions,/reference/webrtc/check-permissions,browser-sdk\pages\latest\reference\webrtc\functions\check-permissions.mdx,browser-sdk
,checkSpeakerPermissions,/reference/webrtc/check-speaker-permissions,browser-sdk\pages\latest\reference\webrtc\functions\check-speaker-permissions.mdx,browser-sdk
,createCameraDeviceWatcher,/reference/webrtc/create-camera-device-watcher,browser-sdk\pages\latest\reference\webrtc\functions\create-camera-device-watcher.mdx,browser-sdk
,createDeviceWatcher,/reference/webrtc/create-device-watcher,browser-sdk\pages\latest\reference\webrtc\functions\create-device-watcher.mdx,browser-sdk
,createMicrophoneAnalyzer,/reference/webrtc/create-microphone-analyzer,browser-sdk\pages\latest\reference\webrtc\functions\create-microphone-analyzer.mdx,browser-sdk
,createMicrophoneDeviceWatcher,/reference/webrtc/create-microphone-device-watcher,browser-sdk\pages\latest\reference\webrtc\functions\create-microphone-device-watcher.mdx,browser-sdk
,createSpeakerDeviceWatcher,/reference/webrtc/create-speaker-device-watcher,browser-sdk\pages\latest\reference\webrtc\functions\create-speaker-device-watcher.mdx,browser-sdk
,enumerateDevices,/reference/webrtc/enumerate-devices,browser-sdk\pages\latest\reference\webrtc\functions\enumerate-devices.mdx,browser-sdk
,getCameraDevicesWithPermissions,/reference/webrtc/get-camera-devices-with-permissions,browser-sdk\pages\latest\reference\webrtc\functions\get-camera-devices-with-permissions.mdx,browser-sdk
,getCameraDevices,/reference/webrtc/get-camera-devices,browser-sdk\pages\latest\reference\webrtc\functions\get-camera-devices.mdx,browser-sdk
,getDevicesWithPermissions,/reference/webrtc/get-devices-with-permissions,browser-sdk\pages\latest\reference\webrtc\functions\get-devices-with-permissions.mdx,browser-sdk
,getDevices,/reference/webrtc/get-devices,browser-sdk\pages\latest\reference\webrtc\functions\get-devices.mdx,browser-sdk
,getDisplayMedia,/reference/webrtc/get-display-media,browser-sdk\pages\latest\reference\webrtc\functions\get-display-media.mdx,browser-sdk
,getMicrophoneDevicesWithPermissions,/reference/webrtc/get-microphone-devices-with-permissions,browser-sdk\pages\latest\reference\webrtc\functions\get-microphone-devices-with-permissions.mdx,browser-sdk
,getMicrophoneDevices,/reference/webrtc/get-microphone-devices,browser-sdk\pages\latest\reference\webrtc\functions\get-microphone-devices.mdx,browser-sdk
,getSpeakerDevicesWithPermissions,/reference/webrtc/get-speaker-devices-with-permissions,browser-sdk\pages\latest\reference\webrtc\functions\get-speaker-devices-with-permissions.mdx,browser-sdk
,getSpeakerDevices,/reference/webrtc/get-speaker-devices,browser-sdk\pages\latest\reference\webrtc\functions\get-speaker-devices.mdx,browser-sdk
,getSupportedConstraints,/reference/webrtc/get-supported-constraints,browser-sdk\pages\latest\reference\webrtc\functions\get-supported-constraints.mdx,browser-sdk
,getUserMedia,/reference/webrtc/get-user-media,browser-sdk\pages\latest\reference\webrtc\functions\get-user-media.mdx,browser-sdk
,requestPermissions,/reference/webrtc/request-permissions,browser-sdk\pages\latest\reference\webrtc\functions\request-permissions.mdx,browser-sdk
,setMediaElementSinkId,/reference/webrtc/set-media-element-sink-id,browser-sdk\pages\latest\reference\webrtc\functions\set-media-element-sink-id.mdx,browser-sdk
,stopStream,/reference/webrtc/stop-stream,browser-sdk\pages\latest\reference\webrtc\functions\stop-stream.mdx,browser-sdk
,stopTrack,/reference/webrtc/stop-track,browser-sdk\pages\latest\reference\webrtc\functions\stop-track.mdx,browser-sdk
,supportsGetDisplayMedia,/reference/webrtc/supports-get-display-media,browser-sdk\pages\latest\reference\webrtc\functions\supports-get-display-media.mdx,browser-sdk
,supportsGetUserMedia,/reference/webrtc/supports-get-user-media,browser-sdk\pages\latest\reference\webrtc\functions\supports-get-user-media.mdx,browser-sdk
,supportsMediaDevices,/reference/webrtc/supports-media-devices,browser-sdk\pages\latest\reference\webrtc\functions\supports-media-devices.mdx,browser-sdk
,supportsMediaOutput,/reference/webrtc/supports-media-output,browser-sdk\pages\latest\reference\webrtc\functions\supports-media-output.mdx,browser-sdk
,Common webhook errors,/guides/common-webhook-errors,compatibility-api\pages\cxml\guides\common-webhook-errors.mdx,compatibility-api
,Add mustache template parameters to cXML responses,/guides/general/utilizing-mustache-templates,compatibility-api\pages\cxml\guides\mustache-template-parameters.mdx,compatibility-api
0f7a51b9-708a-48fa-bccf-d9a449c4489c,SignalWire Documentation,/,home\pages\welcome.mdx,home
d84c0f7e-e911-4655-8812-a0dd1eea530d,SignalWire Docs,overview,home2\pages\index.mdx,home2
e48c61fe-da5c-4689-8610-0aac7f6d235e,Chain of thought prompting for SignalWire AI agents,/ai/get-started/prompt-engineering/advanced-techniques/chain-of-thought,platform\pages\ai\guides\prompt-engineering\advanced-techniques\chain-of-thought.mdx,platform
f3f92f9e-946e-48da-9846-773eae840ef4,Advanced prompt engineering techniques,/ai/get-started/prompt-engineering/advanced-techniques,platform\pages\ai\guides\prompt-engineering\advanced-techniques\index.mdx,platform
269d6171-a7cd-42f6-bc32-c864176eb0d0,Managing long context windows,/ai/get-started/prompt-engineering/advanced-techniques/managing-long-context,platform\pages\ai\guides\prompt-engineering\advanced-techniques\managing-long-context.mdx,platform
e2e82378-20f1-417b-b0ce-3800ed4fd6c6,Multishot prompting,/ai/get-started/prompt-engineering/advanced-techniques/multishot-prompting,platform\pages\ai\guides\prompt-engineering\advanced-techniques\multishot-prompting.mdx,platform
27d975aa-40b8-4630-a227-ebad8b801bfa,RISEN prompting,/ai/get-started/prompt-engineering/advanced-techniques/risen-framework,platform\pages\ai\guides\prompt-engineering\advanced-techniques\risen-framework.mdx,platform
caa6d5c6-fa16-4804-98b9-c759fd385260,Analysis tasks,/ai/get-started/prompt-engineering/task-analysis,platform\pages\ai\guides\prompt-engineering\task-analysis.mdx,platform
016eadae-f6e7-4df3-a27c-1c6dcc67c0be,Generation tasks,/ai/get-started/prompt-engineering/task-generation,platform\pages\ai\guides\prompt-engineering\task-generation.mdx,platform
41ba9eb7-8d48-4198-add0-fac1e7610c03,Calling,/calling,platform\pages\calling\index.mdx,platform
f2a57053-a21c-4d37-9b83-bcb80096ee07,Get started,getting-started,platform\pages\getting-started.mdx,platform
7a531d8d-e52c-4e6c-824a-a896579a5b40,Events,reference/chat/client/events,realtime-sdk\pages\latest\tech-ref\chat\client\events.mdx,realtime-sdk
a96a20f0-d142-4f1e-97f3-548d178cf97e,getMembers,reference/chat/client/methods/get-members,realtime-sdk\pages\latest\tech-ref\chat\client\methods\getmembers.mdx,realtime-sdk
f72c466c-b0d3-489f-a981-1126495b338a,getMemberState,reference/chat/client/methods/get-member-state,realtime-sdk\pages\latest\tech-ref\chat\client\methods\getmemberstate.mdx,realtime-sdk
697a1656-013c-4f65-b44e-45dc3a894b62,getMessages,reference/chat/client/methods/get-messages,realtime-sdk\pages\latest\tech-ref\chat\client\methods\getmessages.mdx,realtime-sdk
15da95d5-c3d6-4807-958f-67754eb8c3d3,listen,reference/chat/client/methods/listen,realtime-sdk\pages\latest\tech-ref\chat\client\methods\listen.mdx,realtime-sdk
d75e68e2-c60e-456c-a2b8-8128ab9db53a,publish,reference/chat/client/methods/publish,realtime-sdk\pages\latest\tech-ref\chat\client\methods\publish.mdx,realtime-sdk
49dc51c9-f728-4327-a8bb-3bbc8bbd3ec9,setMemberState,reference/chat/client/methods/set-member-state,realtime-sdk\pages\latest\tech-ref\chat\client\methods\setmemberstate.mdx,realtime-sdk
2f5cf581-d38a-4dec-8b4b-a42ec0a05aaf,connect,reference/realtime-client/methods/connect,realtime-sdk\pages\latest\tech-ref\core\realtime-client\methods\connect.mdx,realtime-sdk
86fc0dfb-a03d-441f-bead-eefccaedeea4,disconnect,reference/realtime-client/methods/disconnect,realtime-sdk\pages\latest\tech-ref\core\realtime-client\methods\disconnect.mdx,realtime-sdk
68fea3a7-cc0d-4e8f-a22b-67eb1f94b1e0,Events,reference/messaging/client/events,realtime-sdk\pages\latest\tech-ref\messaging\client\events.mdx,realtime-sdk
40542dfd-7a9c-4842-9486-76d2c9809863,listen,reference/messaging/client/methods/listen,realtime-sdk\pages\latest\tech-ref\messaging\client\methods\listen.mdx,realtime-sdk
9bb31f9c-a8cd-4d50-bd83-b0572d065e18,send,reference/messaging/client/methods/send,realtime-sdk\pages\latest\tech-ref\messaging\client\methods\send.mdx,realtime-sdk
8bff0ad4-3aea-49b0-bb30-503440a986f1,Events,reference/pubsub/client/events,realtime-sdk\pages\latest\tech-ref\pubsub\client\events.mdx,realtime-sdk
b112159d-a862-44c4-9da4-934d684fdddc,PubSub Client,reference/pubsub/client,realtime-sdk\pages\latest\tech-ref\pubsub\client\index.mdx,realtime-sdk
78443fa7-fc7c-41de-af04-d489da9a701f,listen,reference/pubsub/client/methods/listen,realtime-sdk\pages\latest\tech-ref\pubsub\client\methods\listen.mdx,realtime-sdk
d25281fa-4ff4-4206-baff-c9a9a7c4bbe5,publish,reference/pubsub/client/methods/publish,realtime-sdk\pages\latest\tech-ref\pubsub\client\methods\publish.mdx,realtime-sdk
7eec41b2-8e6b-48ba-b9da-05ca99e8501a,Events,reference/task/client/events,realtime-sdk\pages\latest\tech-ref\task\client\events.mdx,realtime-sdk
a0dc6b68-7ef2-44b1-b024-2874142e4990,listen,reference/task/client/methods/listen,realtime-sdk\pages\latest\tech-ref\task\client\methods\listen.mdx,realtime-sdk
c2dd8103-d467-4f31-ba50-c5be96589d1e,send,reference/task/client/methods/send,realtime-sdk\pages\latest\tech-ref\task\client\methods\send.mdx,realtime-sdk
ce628fa0-6216-4590-8aa8-7c9fd720e8d8,Events,reference/video/client/events,realtime-sdk\pages\latest\tech-ref\video\client\events.mdx,realtime-sdk
c44b21a6-0d86-4446-8c62-4096648d16d9,getRoomSessionById,reference/video/client/methods/get-room-session-by-id,realtime-sdk\pages\latest\tech-ref\video\client\methods\getroomsessionbyid.mdx,realtime-sdk
ad32f1f7-ec1f-488e-903e-f62975514a0b,getRoomSessions,reference/video/client/methods/get-room-sessions,realtime-sdk\pages\latest\tech-ref\video\client\methods\getroomsessions.mdx,realtime-sdk
4cbab569-d995-4f89-a20f-f7f8f9946fbb,listen,reference/video/client/methods/listen,realtime-sdk\pages\latest\tech-ref\video\client\methods\listen.mdx,realtime-sdk
8a611343-004a-4805-896c-45d1b0ee6815,Events,reference/video/room-session/events,realtime-sdk\pages\latest\tech-ref\video\roomsession\events.mdx,realtime-sdk
96cf18f5-7aac-45ca-9a35-055bb3c78e71,audioMute,reference/video/room-session/methods/audio-mute,realtime-sdk\pages\latest\tech-ref\video\roomsession\methods\audiomute.mdx,realtime-sdk
de629dce-3fd1-42ed-b2b7-bdf0e803dbb2,audioUnmute,reference/video/room-session/methods/audio-unmute,realtime-sdk\pages\latest\tech-ref\video\roomsession\methods\audiounmute.mdx,realtime-sdk
c7cfebb3-7a44-4cda-be4a-34a72cef3f9e,deaf,reference/video/room-session/methods/deaf,realtime-sdk\pages\latest\tech-ref\video\roomsession\methods\deaf.mdx,realtime-sdk
8730847a-ea2e-4ec6-9a28-5bc6c26fd4c0,deleteMemberMeta,reference/video/room-session/methods/delete-member-meta,realtime-sdk\pages\latest\tech-ref\video\roomsession\methods\deletemembermeta.mdx,realtime-sdk
9adf677e-2002-4474-a33c-1a5302d7e05c,deleteMeta,reference/video/room-session/methods/delete-meta,realtime-sdk\pages\latest\tech-ref\video\roomsession\methods\deletemeta.mdx,realtime-sdk
cc1c70c3-dd3c-489e-aaac-b6dd54935a26,demote,reference/video/room-session/methods/demote,realtime-sdk\pages\latest\tech-ref\video\roomsession\methods\demote.mdx,realtime-sdk
a3dde548-2bc9-4b5b-a33c-9d275a76c8d3,getLayouts,reference/video/room-session/methods/get-layouts,realtime-sdk\pages\latest\tech-ref\video\roomsession\methods\getlayouts.mdx,realtime-sdk
b7baa247-2140-498a-b058-20dad17afc81,getMemberMeta,reference/video/room-session/methods/get-member-meta,realtime-sdk\pages\latest\tech-ref\video\roomsession\methods\getmembermeta.mdx,realtime-sdk
6bbee847-5ec0-45ec-ab17-1ca205777afd,getMembers,reference/video/room-session/methods/get-members,realtime-sdk\pages\latest\tech-ref\video\roomsession\methods\getmembers.mdx,realtime-sdk
8a587d7d-b52a-4220-8311-00869dd961e3,getMeta,reference/video/room-session/methods/get-meta,realtime-sdk\pages\latest\tech-ref\video\roomsession\methods\getmeta.mdx,realtime-sdk
9da5624c-bede-4564-a125-291676e848d7,getPlaybacks,reference/video/room-session/methods/get-playbacks,realtime-sdk\pages\latest\tech-ref\video\roomsession\methods\getplaybacks.mdx,realtime-sdk
fd6100d2-0a6b-4500-a785-cd70f4b75660,getRecordings,reference/video/room-session/methods/get-recordings,realtime-sdk\pages\latest\tech-ref\video\roomsession\methods\getrecordings.mdx,realtime-sdk
8c33fd62-c595-435a-83d3-b84a418951af,getStreams,reference/video/room-session/methods/get-streams,realtime-sdk\pages\latest\tech-ref\video\roomsession\methods\getstreams.mdx,realtime-sdk
39c6a617-da92-4eab-81ca-56a36ac810fc,listen,reference/video/room-session/methods/listen,realtime-sdk\pages\latest\tech-ref\video\roomsession\methods\listen.mdx,realtime-sdk
f421ed50-2ac0-4a23-8a6f-14af00c33855,lock,reference/video/room-session/methods/lock,realtime-sdk\pages\latest\tech-ref\video\roomsession\methods\lock.mdx,realtime-sdk
5e1fcf1c-0b94-4053-8bea-0ffba9ae8ef3,play,reference/video/room-session/methods/play,realtime-sdk\pages\latest\tech-ref\video\roomsession\methods\play.mdx,realtime-sdk
2d6d277f-3878-4215-81b1-6c14ba66f537,promote,reference/video/room-session/methods/promote,realtime-sdk\pages\latest\tech-ref\video\roomsession\methods\promote.mdx,realtime-sdk
8dde124f-e2b8-4acd-8566-ebd320058d2a,removeAllMembers,reference/video/room-session/methods/remove-all-members,realtime-sdk\pages\latest\tech-ref\video\roomsession\methods\removeallmembers.mdx,realtime-sdk
c9a6ba57-6a64-4637-9533-97e02364e16f,removeMember,reference/video/room-session/methods/remove-member,realtime-sdk\pages\latest\tech-ref\video\roomsession\methods\removemember.mdx,realtime-sdk
799d0bdb-ee31-420e-947e-bea1202e9771,setHideVideoMuted,reference/video/room-session/methods/set-hide-video-muted,realtime-sdk\pages\latest\tech-ref\video\roomsession\methods\sethidevideomuted.mdx,realtime-sdk
1e4f28db-053d-41d4-b4bb-25546efb3aed,setInputSensitivity,reference/video/room-session/methods/set-input-sensitivity,realtime-sdk\pages\latest\tech-ref\video\roomsession\methods\setinputsensitivity.mdx,realtime-sdk
b56f9c65-bd9a-49ef-944a-ea7c7f124dd4,setInputVolume,reference/video/room-session/methods/set-input-volume,realtime-sdk\pages\latest\tech-ref\video\roomsession\methods\setinputvolume.mdx,realtime-sdk
50b19693-044c-4c43-aaf1-73fe41589295,setLayout,reference/video/room-session/methods/set-layout,realtime-sdk\pages\latest\tech-ref\video\roomsession\methods\setlayout.mdx,realtime-sdk
05d23817-7038-4b47-aaeb-c2a3038f1692,setMemberMeta,reference/video/room-session/methods/set-member-meta,realtime-sdk\pages\latest\tech-ref\video\roomsession\methods\setmembermeta.mdx,realtime-sdk
6852f9f1-b716-44ff-89d4-53e185eb9ec4,setMemberPosition,reference/video/room-session/methods/set-member-position,realtime-sdk\pages\latest\tech-ref\video\roomsession\methods\setmemberposition.mdx,realtime-sdk
7928ed3d-cf9b-4400-92d4-4f89e1ffff49,setMeta,reference/video/room-session/methods/set-meta,realtime-sdk\pages\latest\tech-ref\video\roomsession\methods\setmeta.mdx,realtime-sdk
e32718c8-f773-4369-bef3-a24ee3064817,setOutputVolume,reference/video/room-session/methods/set-output-volume,realtime-sdk\pages\latest\tech-ref\video\roomsession\methods\setoutputvolume.mdx,realtime-sdk
e25c5256-f092-4f1a-9146-5c669dc0bcdd,setPositions,reference/video/room-session/methods/set-positions,realtime-sdk\pages\latest\tech-ref\video\roomsession\methods\setpositions.mdx,realtime-sdk
3d02e114-bbfb-4ec1-be89-08e6999992d0,setPrioritizeHandraise,reference/video/room-session/methods/set-prioritize-hand-raise,realtime-sdk\pages\latest\tech-ref\video\roomsession\methods\setprioritizehandraise.mdx,realtime-sdk
828a7c22-e0fe-4829-85f8-0ba4235aad2c,setRaisedHand,reference/video/room-session/methods/set-raised-hand,realtime-sdk\pages\latest\tech-ref\video\roomsession\methods\setraisedhand.mdx,realtime-sdk
63d18fa7-7710-4608-a2c5-e47705997768,startRecording,reference/video/room-session/methods/start-recording,realtime-sdk\pages\latest\tech-ref\video\roomsession\methods\startrecording.mdx,realtime-sdk
aabf386c-d944-4b2d-a73c-108cae08af1f,startStream,reference/video/room-session/methods/start-stream,realtime-sdk\pages\latest\tech-ref\video\roomsession\methods\startstream.mdx,realtime-sdk
dac92e23-5682-4ba9-ae0e-4b2dfc83a807,undeaf,reference/video/room-session/methods/undeaf,realtime-sdk\pages\latest\tech-ref\video\roomsession\methods\undeaf.mdx,realtime-sdk
e75e30ba-2956-4676-87d7-ce1a1a0a5c5a,unlock,reference/video/room-session/methods/unlock,realtime-sdk\pages\latest\tech-ref\video\roomsession\methods\unlock.mdx,realtime-sdk
44a03f08-0034-4d14-8410-177a1ed58270,updateMemberMeta,reference/video/room-session/methods/update-member-meta,realtime-sdk\pages\latest\tech-ref\video\roomsession\methods\updatemembermeta.mdx,realtime-sdk
76fe3608-7ee0-4715-88ec-743b4995a1ff,updateMeta,reference/video/room-session/methods/update-meta,realtime-sdk\pages\latest\tech-ref\video\roomsession\methods\updatemeta.mdx,realtime-sdk
30438913-b5fd-4b50-91b1-00dee9667d36,videoMute,reference/video/room-session/methods/video-mute,realtime-sdk\pages\latest\tech-ref\video\roomsession\methods\videomute.mdx,realtime-sdk
2428cba4-2510-4ba5-b9aa-9e741b230de5,videoUnmute,reference/video/room-session/methods/video-unmute,realtime-sdk\pages\latest\tech-ref\video\roomsession\methods\videounmute.mdx,realtime-sdk
f5a76d81-035c-4281-addb-f4e5cd32e02a,Events,reference/voice/call/events,realtime-sdk\pages\latest\tech-ref\voice\call\events.mdx,realtime-sdk
f4c8b8cd-b2f6-4480-98f3-52ca76417ff2,amd,reference/voice/call/methods/amd,realtime-sdk\pages\latest\tech-ref\voice\call\methods\amd.mdx,realtime-sdk
82b9e070-0290-42ce-9a28-f89a25cfe455,answer,reference/voice/call/methods/answer,realtime-sdk\pages\latest\tech-ref\voice\call\methods\answer.mdx,realtime-sdk
a20f96fd-3fa8-4796-aae8-eed44e9f5bb4,collect,reference/voice/call/methods/collect,realtime-sdk\pages\latest\tech-ref\voice\call\methods\collect.mdx,realtime-sdk
8a752f37-4be2-4856-ad5e-d9b0d07a0eb6,connect,reference/voice/call/methods/connect,realtime-sdk\pages\latest\tech-ref\voice\call\methods\connect.mdx,realtime-sdk
2d55b135-7ff9-430e-b110-dcdb8ac50fbd,connectPhone,reference/voice/call/methods/connect-phone,realtime-sdk\pages\latest\tech-ref\voice\call\methods\connectphone.mdx,realtime-sdk
c9602999-48ee-454f-99e8-95eccb283cb9,connectSip,reference/voice/call/methods/connect-sip,realtime-sdk\pages\latest\tech-ref\voice\call\methods\connectsip.mdx,realtime-sdk
f105bb17-20df-40c4-b4ac-dd0117448c0a,detect,reference/voice/call/methods/detect,realtime-sdk\pages\latest\tech-ref\voice\call\methods\detect.mdx,realtime-sdk
ba057858-3371-47f5-adf4-d4b41b961305,detectAnsweringMachine,reference/voice/call/methods/detect-answering-machine,realtime-sdk\pages\latest\tech-ref\voice\call\methods\detectansweringmachine.mdx,realtime-sdk
d4df58e0-b756-4388-be12-e54b0d6aed2d,detectDigit,reference/voice/call/methods/detect-digit,realtime-sdk\pages\latest\tech-ref\voice\call\methods\detectdigit.mdx,realtime-sdk
d1578ee9-90b3-468e-a9aa-2fe587315475,detectFax,reference/voice/call/methods/detect-fax,realtime-sdk\pages\latest\tech-ref\voice\call\methods\detectfax.mdx,realtime-sdk
2a23c01c-3929-4293-b5e5-8c4a53fd6af8,disconnect,reference/voice/call/methods/disconnect,realtime-sdk\pages\latest\tech-ref\voice\call\methods\disconnect.mdx,realtime-sdk
51f4c57f-a48d-4c3a-8778-22c2ceaf66cc,disconnected,reference/voice/call/methods/disconnected,realtime-sdk\pages\latest\tech-ref\voice\call\methods\disconnected.mdx,realtime-sdk
077cbc24-19d3-4ab5-bfe7-f8858e516833,hangup,reference/voice/call/methods/hangup,realtime-sdk\pages\latest\tech-ref\voice\call\methods\hangup.mdx,realtime-sdk
6db8f7d1-becb-4f01-9e67-3c566e502a8f,listen,reference/voice/call/methods/listen,realtime-sdk\pages\latest\tech-ref\voice\call\methods\listen.mdx,realtime-sdk
db71669b-75ce-4fc4-824e-58bed1aa09e2,pass,reference/voice/call/methods/pass,realtime-sdk\pages\latest\tech-ref\voice\call\methods\pass.mdx,realtime-sdk
d5930abe-81a4-462e-b8b8-00d5eabb1f27,play,reference/voice/call/methods/play,realtime-sdk\pages\latest\tech-ref\voice\call\methods\play.mdx,realtime-sdk
9b7ee731-63e1-487d-a810-5816f4e52ac9,playAudio,reference/voice/call/methods/play-audio,realtime-sdk\pages\latest\tech-ref\voice\call\methods\playaudio.mdx,realtime-sdk
17940493-9659-46ef-b6f8-64f2f4073a41,playRingtone,reference/voice/call/methods/play-ringtone,realtime-sdk\pages\latest\tech-ref\voice\call\methods\playringtone.mdx,realtime-sdk
77c4317f-efdf-41ba-ac1a-ed8acdb6ec54,playSilence,reference/voice/call/methods/play-silence,realtime-sdk\pages\latest\tech-ref\voice\call\methods\playsilence.mdx,realtime-sdk
3af3ecb6-c979-420c-896f-774b936967f0,playTTS,reference/voice/call/methods/play-tts,realtime-sdk\pages\latest\tech-ref\voice\call\methods\playtts.mdx,realtime-sdk
22a46086-90fa-4ccf-ba4f-1e7fb598b7c8,prompt,reference/voice/call/methods/prompt,realtime-sdk\pages\latest\tech-ref\voice\call\methods\prompt.mdx,realtime-sdk
ac5239c1-fe1a-4f9d-945d-a0eb24b9c653,promptAudio,reference/voice/call/methods/prompt-audio,realtime-sdk\pages\latest\tech-ref\voice\call\methods\promptaudio.mdx,realtime-sdk
b1c81d9d-fc9c-48f9-92de-6194ca657314,promptRingtone,reference/voice/call/methods/prompt-ringtone,realtime-sdk\pages\latest\tech-ref\voice\call\methods\promptringtone.mdx,realtime-sdk
bd52b797-b6aa-4644-91cb-4562aa300876,promptTTS,reference/voice/call/methods/prompt-tts,realtime-sdk\pages\latest\tech-ref\voice\call\methods\prompttts.mdx,realtime-sdk
e1a44737-0018-4371-b20f-f1583524318c,record,reference/voice/call/methods/record,realtime-sdk\pages\latest\tech-ref\voice\call\methods\record.mdx,realtime-sdk
5ccdad3c-fe24-4611-a7e1-82f61dfab0ab,recordAudio,reference/voice/call/methods/record-audio,realtime-sdk\pages\latest\tech-ref\voice\call\methods\recordaudio.mdx,realtime-sdk
1262e514-543a-4199-891d-1d7fe6aa506c,sendDigits,reference/voice/call/methods/send-digits,realtime-sdk\pages\latest\tech-ref\voice\call\methods\senddigits.mdx,realtime-sdk
1ec2c976-81b0-4c74-8931-39e3bffd8bcf,tap,reference/voice/call/methods/tap,realtime-sdk\pages\latest\tech-ref\voice\call\methods\tap.mdx,realtime-sdk
c38c1051-7ef6-4a68-a97b-2dd0e4145bf9,tapAudio,reference/voice/call/methods/tap-audio,realtime-sdk\pages\latest\tech-ref\voice\call\methods\tapaudio.mdx,realtime-sdk
753ac034-224b-4536-87c5-7ab8215b50e3,waitFor,reference/voice/call/methods/wait-for,realtime-sdk\pages\latest\tech-ref\voice\call\methods\waitfor.mdx,realtime-sdk
c3d601bd-e5a8-46ee-b823-a4ea853520cd,Events,reference/voice/client/events,realtime-sdk\pages\latest\tech-ref\voice\client\events.mdx,realtime-sdk
3204681f-7fe7-47d5-b074-cc0f18c05b68,dial,reference/voice/client/methods/dial,realtime-sdk\pages\latest\tech-ref\voice\client\methods\dial.mdx,realtime-sdk
b4eeaa45-7f1d-49fd-9145-8cdc8d8cd6a8,dialPhone,reference/voice/client/methods/dial-phone,realtime-sdk\pages\latest\tech-ref\voice\client\methods\dialphone.mdx,realtime-sdk
68551fb8-ef0d-4d56-b862-613c0dbc24bc,dialSip,reference/voice/client/methods/dial-sip,realtime-sdk\pages\latest\tech-ref\voice\client\methods\dialsip.mdx,realtime-sdk
8203686d-50a9-409e-996e-c7c576b72db4,listen,reference/voice/client/methods/listen,realtime-sdk\pages\latest\tech-ref\voice\client\methods\listen.mdx,realtime-sdk
,,,realtime-sdk\pages\v2\snippets\v2-intro.mdx,realtime-sdk
7790e0d2-054b-4241-a0b0-15b8314ac97d,Events,reference/chat/client/events,realtime-sdk\pages\v3\tech-ref\chat\client\events.mdx,realtime-sdk
663fbdc3-65b8-46a1-b14f-d5029c1f90ac,disconnect,reference/chat/client/methods/disconnect,realtime-sdk\pages\v3\tech-ref\chat\client\methods\disconnect.mdx,realtime-sdk
f8d306a4-1569-4ea1-afdb-0ed70464dab5,getMembers,reference/chat/client/methods/get-members,realtime-sdk\pages\v3\tech-ref\chat\client\methods\getmembers.mdx,realtime-sdk
4b3368b7-e982-4139-a645-f31e6ad7d232,getMemberState,reference/chat/client/methods/get-member-state,realtime-sdk\pages\v3\tech-ref\chat\client\methods\getmemberstate.mdx,realtime-sdk
d861a0be-025a-4ad6-b2dd-a284e3422d53,getMessages,reference/chat/client/methods/get-messages,realtime-sdk\pages\v3\tech-ref\chat\client\methods\getmessages.mdx,realtime-sdk
243a3b97-614e-494c-b81e-6a1dcb404a23,listen,reference/chat/client/methods/listen,realtime-sdk\pages\v3\tech-ref\chat\client\methods\listen.mdx,realtime-sdk
06685e61-c961-4f24-8f27-e6a69ad3efaa,off,reference/chat/client/methods/off,realtime-sdk\pages\v3\tech-ref\chat\client\methods\off.mdx,realtime-sdk
fa99082e-5761-45d2-94c4-3e576e16263b,on,reference/chat/client/methods/on,realtime-sdk\pages\v3\tech-ref\chat\client\methods\on.mdx,realtime-sdk
0ba531de-f03b-4f11-b76a-d3335f286cff,once,reference/chat/client/methods/once,realtime-sdk\pages\v3\tech-ref\chat\client\methods\once.mdx,realtime-sdk
c3d27caa-8f8d-4fdd-a22b-000047934fb6,publish,reference/chat/client/methods/publish,realtime-sdk\pages\v3\tech-ref\chat\client\methods\publish.mdx,realtime-sdk
96df6910-fbdc-401a-a55e-d68210ce553d,removeAllListeners,reference/chat/client/methods/remove-all-listeners,realtime-sdk\pages\v3\tech-ref\chat\client\methods\removealllisteners.mdx,realtime-sdk
605e22a3-203d-44af-9c22-64e8858e488d,setMemberState,reference/chat/client/methods/set-member-state,realtime-sdk\pages\v3\tech-ref\chat\client\methods\setmemberstate.mdx,realtime-sdk
e991c6b7-5e7c-4c6f-a643-365f5bd2114c,subscribe,reference/chat/client/methods/subscribe,realtime-sdk\pages\v3\tech-ref\chat\client\methods\subscribe.mdx,realtime-sdk
69a7fac3-64f7-4036-a994-29874ac0203f,unsubscribe,reference/chat/client/methods/unsubscribe,realtime-sdk\pages\v3\tech-ref\chat\client\methods\unsubscribe.mdx,realtime-sdk
bf426343-8cef-4589-ba4d-1abb5ba79c6d,Events,reference/messaging/client/events,realtime-sdk\pages\v3\tech-ref\messaging\client\events.mdx,realtime-sdk
35f9c013-c54c-470e-b89d-82426a861566,disconnect,reference/messaging/client/methods/disconnect,realtime-sdk\pages\v3\tech-ref\messaging\client\methods\disconnect.mdx,realtime-sdk
8905395e-f9c0-45a4-85c3-b3755c72e62f,listen,reference/messaging/client/methods/listen,realtime-sdk\pages\v3\tech-ref\messaging\client\methods\listen.mdx,realtime-sdk
1c957cd1-f265-4c1c-aff9-e9c6e04404c4,off,reference/messaging/client/methods/off,realtime-sdk\pages\v3\tech-ref\messaging\client\methods\off.mdx,realtime-sdk
67411caf-9bcc-4945-a86c-db43b4383d07,on,reference/messaging/client/methods/on,realtime-sdk\pages\v3\tech-ref\messaging\client\methods\on.mdx,realtime-sdk
7b21a07e-0e4e-4cd0-bbb7-adafa7f3e438,once,reference/messaging/client/methods/once,realtime-sdk\pages\v3\tech-ref\messaging\client\methods\once.mdx,realtime-sdk
b482ce25-9c12-4de9-9ee0-3683ffcb5674,removeAllListeners,reference/messaging/client/methods/remove-all-listeners,realtime-sdk\pages\v3\tech-ref\messaging\client\methods\removealllisteners.mdx,realtime-sdk
833c1ced-b34d-453d-a921-1a6d75783aa5,send,reference/messaging/client/methods/send,realtime-sdk\pages\v3\tech-ref\messaging\client\methods\send.mdx,realtime-sdk
8cbe2aee-31bb-4927-8e8c-bc9d50ab63da,Events,reference/pubsub/client/events,realtime-sdk\pages\v3\tech-ref\pubsub\client\events.mdx,realtime-sdk
aee33096-6425-4b61-b51c-7cee137beeb8,disconnect,reference/pubsub/client/methods/disconnect,realtime-sdk\pages\v3\tech-ref\pubsub\client\methods\disconnect.mdx,realtime-sdk
7f1319a4-db54-4b0a-82be-b543ece38e1b,listen,reference/pubsub/client/methods/listen,realtime-sdk\pages\v3\tech-ref\pubsub\client\methods\listen.mdx,realtime-sdk
667b3c1f-90e1-4782-83c4-9c7f66289122,off,reference/pubsub/client/methods/off,realtime-sdk\pages\v3\tech-ref\pubsub\client\methods\off.mdx,realtime-sdk
9ba55593-b1b4-4287-b10a-94afb3c07e2d,on,reference/pubsub/client/methods/on,realtime-sdk\pages\v3\tech-ref\pubsub\client\methods\on.mdx,realtime-sdk
80050029-f408-4151-9f89-8df161d56d6c,once,reference/pubsub/client/methods/once,realtime-sdk\pages\v3\tech-ref\pubsub\client\methods\once.mdx,realtime-sdk
4b959b62-4a23-46fb-9a5b-4a798e832939,publish,reference/pubsub/client/methods/publish,realtime-sdk\pages\v3\tech-ref\pubsub\client\methods\publish.mdx,realtime-sdk
74834d83-ff4b-4720-976e-1f7fa75616a0,removeAllListeners,reference/pubsub/client/methods/remove-all-listeners,realtime-sdk\pages\v3\tech-ref\pubsub\client\methods\removealllisteners.mdx,realtime-sdk
dd948bdb-ed60-4c51-b052-a2bce5b3b8f4,subscribe,reference/pubsub/client/methods/subscribe,realtime-sdk\pages\v3\tech-ref\pubsub\client\methods\subscribe.mdx,realtime-sdk
48ba042e-c08e-44da-ae0a-2871199a7dac,unsubscribe,reference/pubsub/client/methods/unsubscribe,realtime-sdk\pages\v3\tech-ref\pubsub\client\methods\unsubscribe.mdx,realtime-sdk
be1e273d-f738-4fcd-b0fd-0f37f50e4eb7,Events,reference/task/client/events,realtime-sdk\pages\v3\tech-ref\task\client\events.mdx,realtime-sdk
d5db6a18-787e-4e41-9cce-fdfbb465becf,disconnect,reference/task/client/methods/disconnect,realtime-sdk\pages\v3\tech-ref\task\client\methods\disconnect.mdx,realtime-sdk
71526895-609d-474a-a138-fa44e2c62cf4,listen,reference/task/client/methods/listen,realtime-sdk\pages\v3\tech-ref\task\client\methods\listen.mdx,realtime-sdk
eb087634-716b-43bf-9f19-a5633ab27044,off,reference/task/client/methods/off,realtime-sdk\pages\v3\tech-ref\task\client\methods\off.mdx,realtime-sdk
11e4fc03-93b1-44f7-9c24-f4b4de3461e9,on,reference/task/client/methods/on,realtime-sdk\pages\v3\tech-ref\task\client\methods\on.mdx,realtime-sdk
2fbe3ab6-1f78-4593-8da1-4b010416d691,once,reference/task/client/methods/once,realtime-sdk\pages\v3\tech-ref\task\client\methods\once.mdx,realtime-sdk
dc833251-c880-4efd-b4d7-e5e389ee1a56,removeAllListeners,reference/task/client/methods/remove-all-listeners,realtime-sdk\pages\v3\tech-ref\task\client\methods\removealllisteners.mdx,realtime-sdk
fbcabf78-028e-470d-869e-5ba3adfee4ad,send,reference/task/client/methods/send,realtime-sdk\pages\v3\tech-ref\task\client\methods\send.mdx,realtime-sdk
4f55a13c-a76f-4c72-9e43-e2521c6b2025,Events,reference/video/client/events,realtime-sdk\pages\v3\tech-ref\video\client\events.mdx,realtime-sdk
82a78f61-9dab-4ecd-a51e-6f22e651e2b4,disconnect,reference/video/client/methods/disconnect,realtime-sdk\pages\v3\tech-ref\video\client\methods\disconnect.mdx,realtime-sdk
fe8e49f0-8622-4eda-8d5e-9d435813a8da,getRoomSessionById,reference/video/client/methods/get-room-session-by-id,realtime-sdk\pages\v3\tech-ref\video\client\methods\getroomsessionbyid.mdx,realtime-sdk
7f5828bc-2fc5-49af-8520-eb9a65a72c9f,getRoomSessions,reference/video/client/methods/get-room-sessions,realtime-sdk\pages\v3\tech-ref\video\client\methods\getroomsessions.mdx,realtime-sdk
abbacd77-c6d0-4a28-9653-5ed891400176,off,reference/video/client/methods/off,realtime-sdk\pages\v3\tech-ref\video\client\methods\off.mdx,realtime-sdk
44994413-c3e3-480d-afcb-ee19f4ffde6c,on,reference/video/client/methods/on,realtime-sdk\pages\v3\tech-ref\video\client\methods\on.mdx,realtime-sdk
f5023d60-525a-48d4-b04f-2f03a79464f8,once,reference/video/client/methods/once,realtime-sdk\pages\v3\tech-ref\video\client\methods\once.mdx,realtime-sdk
62f40e8b-16de-481b-b38a-98dda55a95a9,removeAllListeners,reference/video/client/methods/remove-all-listeners,realtime-sdk\pages\v3\tech-ref\video\client\methods\removealllisteners.mdx,realtime-sdk
4ee75c44-61da-44e6-88ca-8bb8ce11dac3,Events,reference/video/room-session/events,realtime-sdk\pages\v3\tech-ref\video\roomsession\events.mdx,realtime-sdk
dafc9fb7-034c-46e2-998c-e79c50f31d6f,audioMute,reference/video/room-session/methods/audio-mute,realtime-sdk\pages\v3\tech-ref\video\roomsession\methods\audiomute.mdx,realtime-sdk
761244f0-9db3-4462-9c07-5a8eb814a9a5,audioUnmute,reference/video/room-session/methods/audio-unmute,realtime-sdk\pages\v3\tech-ref\video\roomsession\methods\audiounmute.mdx,realtime-sdk
57f9103f-b317-4ec8-8a12-045960bd9d09,deaf,reference/video/room-session/methods/deaf,realtime-sdk\pages\v3\tech-ref\video\roomsession\methods\deaf.mdx,realtime-sdk
cc7404e1-11fa-4a47-a51c-3eed5b0764d5,deleteMemberMeta,reference/video/room-session/methods/delete-member-meta,realtime-sdk\pages\v3\tech-ref\video\roomsession\methods\deletemembermeta.mdx,realtime-sdk
34fe758d-f90f-4a0a-bcdf-68e402c013c4,deleteMeta,reference/video/room-session/methods/delete-meta,realtime-sdk\pages\v3\tech-ref\video\roomsession\methods\deletemeta.mdx,realtime-sdk
9e5f277b-e55b-461f-bcd6-0323facc9dcf,demote,reference/video/room-session/methods/demote,realtime-sdk\pages\v3\tech-ref\video\roomsession\methods\demote.mdx,realtime-sdk
6b91b69b-5cd4-4659-900b-8a194da80c9c,getLayouts,reference/video/room-session/methods/get-layouts,realtime-sdk\pages\v3\tech-ref\video\roomsession\methods\getlayouts.mdx,realtime-sdk
fd475a0a-538e-4d2c-93c3-da5f699073c3,getMemberMeta,reference/video/room-session/methods/get-member-meta,realtime-sdk\pages\v3\tech-ref\video\roomsession\methods\getmembermeta.mdx,realtime-sdk
97e5a373-848e-407d-8ae2-082256fa0c5a,getMembers,reference/video/room-session/methods/get-members,realtime-sdk\pages\v3\tech-ref\video\roomsession\methods\getmembers.mdx,realtime-sdk
be1f6310-07cc-4696-8685-47e87a7b4735,getMeta,reference/video/room-session/methods/get-meta,realtime-sdk\pages\v3\tech-ref\video\roomsession\methods\getmeta.mdx,realtime-sdk
b3c52487-5f15-48e2-a8f3-bd1146e7ff34,getPlaybacks,reference/video/room-session/methods/get-playbacks,realtime-sdk\pages\v3\tech-ref\video\roomsession\methods\getplaybacks.mdx,realtime-sdk
4cf886ae-51af-48a4-8a35-a4bda8049b66,getRecordings,reference/video/room-session/methods/get-recordings,realtime-sdk\pages\v3\tech-ref\video\roomsession\methods\getrecordings.mdx,realtime-sdk
30398947-46d7-43a2-b765-c2d579b7af1a,getStreams,reference/video/room-session/methods/get-streams,realtime-sdk\pages\v3\tech-ref\video\roomsession\methods\getstreams.mdx,realtime-sdk
22ca0383-3baf-43b0-9ec7-05457152912f,listen,reference/video/room-session/methods/listen,realtime-sdk\pages\v3\tech-ref\video\roomsession\methods\listen.mdx,realtime-sdk
0b250afc-29c1-4df3-a22c-8225fefa7974,lock,reference/video/room-session/methods/lock,realtime-sdk\pages\v3\tech-ref\video\roomsession\methods\lock.mdx,realtime-sdk
cc73aa49-059f-47e2-9aab-656c4acccda6,off,reference/video/room-session/methods/off,realtime-sdk\pages\v3\tech-ref\video\roomsession\methods\off.mdx,realtime-sdk
0c1e01c3-c188-41ad-beef-5c01507500c1,on,reference/video/room-session/methods/on,realtime-sdk\pages\v3\tech-ref\video\roomsession\methods\on.mdx,realtime-sdk
dde29b70-75e8-4ebd-b1b7-273f688fd338,once,reference/video/room-session/methods/once,realtime-sdk\pages\v3\tech-ref\video\roomsession\methods\once.mdx,realtime-sdk
4909ef2f-0b4b-4264-9a3c-8211fab2133b,play,reference/video/room-session/methods/play,realtime-sdk\pages\v3\tech-ref\video\roomsession\methods\play.mdx,realtime-sdk
c581dce0-fcc1-49f9-b69b-2410630c0dba,promote,reference/video/room-session/methods/promote,realtime-sdk\pages\v3\tech-ref\video\roomsession\methods\promote.mdx,realtime-sdk
c1a35102-9a38-4f82-a4e2-f7db31b06bd8,removeAllListeners,reference/video/room-session/methods/remove-all-listeners,realtime-sdk\pages\v3\tech-ref\video\roomsession\methods\removealllisteners.mdx,realtime-sdk
f166a411-be31-47d7-bfb7-ee61b7a56c09,removeAllMembers,reference/video/room-session/methods/remove-all-members,realtime-sdk\pages\v3\tech-ref\video\roomsession\methods\removeallmembers.mdx,realtime-sdk
457a8485-b010-4a6a-bb7e-b0eb3105c8a3,removeMember,reference/video/room-session/methods/remove-member,realtime-sdk\pages\v3\tech-ref\video\roomsession\methods\removemember.mdx,realtime-sdk
e06f205f-8b13-4893-b0ad-14d05d53c513,setHideVideoMuted,reference/video/room-session/methods/set-hide-video-muted,realtime-sdk\pages\v3\tech-ref\video\roomsession\methods\sethidevideomuted.mdx,realtime-sdk
33b9ba79-81d8-4c0b-bb25-0493295f02a1,setInputSensitivity,reference/video/room-session/methods/set-input-sensitivity,realtime-sdk\pages\v3\tech-ref\video\roomsession\methods\setinputsensitivity.mdx,realtime-sdk
df66fb6e-87ce-4f71-a1d4-d495898c8a9c,setInputVolume,reference/video/room-session/methods/set-input-volume,realtime-sdk\pages\v3\tech-ref\video\roomsession\methods\setinputvolume.mdx,realtime-sdk
6797ce94-6087-4b60-a297-6bc669ed9146,setLayout,reference/video/room-session/methods/set-layout,realtime-sdk\pages\v3\tech-ref\video\roomsession\methods\setlayout.mdx,realtime-sdk
ee06fdfb-1877-4530-a7d5-edfc0c231cc4,setMemberMeta,reference/video/room-session/methods/set-member-meta,realtime-sdk\pages\v3\tech-ref\video\roomsession\methods\setmembermeta.mdx,realtime-sdk
a11158c0-62bd-4ac7-b6a6-72956ada17ac,setMemberPosition,reference/video/room-session/methods/set-member-position,realtime-sdk\pages\v3\tech-ref\video\roomsession\methods\setmemberposition.mdx,realtime-sdk
399a445a-12a2-4cb5-9283-0f9aab4f5f4a,setMeta,reference/video/room-session/methods/set-meta,realtime-sdk\pages\v3\tech-ref\video\roomsession\methods\setmeta.mdx,realtime-sdk
527bedb5-9fa1-44ad-9188-a91ad5e5f7b0,setMicrophoneVolume,reference/video/room-session/methods/setmicrophonevolume,realtime-sdk\pages\v3\tech-ref\video\roomsession\methods\setmicrophonevolume.mdx,realtime-sdk
3248d381-95e3-45bf-90d4-93c335b51ff0,setOutputVolume,reference/video/room-session/methods/set-output-volume,realtime-sdk\pages\v3\tech-ref\video\roomsession\methods\setoutputvolume.mdx,realtime-sdk
25d7e907-21af-444d-a1a8-b0f432916819,setPositions,reference/video/room-session/methods/set-positions,realtime-sdk\pages\v3\tech-ref\video\roomsession\methods\setpositions.mdx,realtime-sdk
63b0f0dc-1ac6-4e18-8c5e-fedbc80a1e08,setPrioritizeHandraise,reference/video/room-session/methods/set-prioritize-hand-raise,realtime-sdk\pages\v3\tech-ref\video\roomsession\methods\setprioritizehandraise.mdx,realtime-sdk
3229f6ae-4718-4d32-901b-7d32fd001422,setRaisedHand,reference/video/room-session/methods/set-raised-hand,realtime-sdk\pages\v3\tech-ref\video\roomsession\methods\setraisedhand.mdx,realtime-sdk
a0f5dd95-878c-4b00-bf9f-5294a640ca2e,setSpeakerVolume,reference/video/room-session/methods/setspeakervolume,realtime-sdk\pages\v3\tech-ref\video\roomsession\methods\setspeakervolume.mdx,realtime-sdk
bc0adfff-87ec-4455-850d-5a0ac0190b82,startRecording,reference/video/room-session/methods/start-recording,realtime-sdk\pages\v3\tech-ref\video\roomsession\methods\startrecording.mdx,realtime-sdk
77fa1536-c9d2-4625-8f88-ee2acbf23c56,startStream,reference/video/room-session/methods/start-stream,realtime-sdk\pages\v3\tech-ref\video\roomsession\methods\startstream.mdx,realtime-sdk
88bad2ec-299f-4233-aa5a-dfb6fdb92276,subscribe,reference/video/room-session/methods/subscribe,realtime-sdk\pages\v3\tech-ref\video\roomsession\methods\subscribe.mdx,realtime-sdk
3fde4dbc-338f-4776-bc25-dfba2e112e63,undeaf,reference/video/room-session/methods/undeaf,realtime-sdk\pages\v3\tech-ref\video\roomsession\methods\undeaf.mdx,realtime-sdk
2ac5f462-99d6-47f9-9c7d-eaa2d3d39f6e,unlock,reference/video/room-session/methods/unlock,realtime-sdk\pages\v3\tech-ref\video\roomsession\methods\unlock.mdx,realtime-sdk
aa0a32d5-f24f-4dec-905f-218ef05af00e,updateMemberMeta,reference/video/room-session/methods/update-member-meta,realtime-sdk\pages\v3\tech-ref\video\roomsession\methods\updatemembermeta.mdx,realtime-sdk
1f7b2f84-4dc1-4456-bd12-8d717d256b13,updateMeta,reference/video/room-session/methods/update-meta,realtime-sdk\pages\v3\tech-ref\video\roomsession\methods\updatemeta.mdx,realtime-sdk
c7a5e745-2dc1-4cd4-993d-2b10e7bfac1f,videoMute,reference/video/room-session/methods/video-mute,realtime-sdk\pages\v3\tech-ref\video\roomsession\methods\videomute.mdx,realtime-sdk
b8f1b311-3471-45f1-bd2e-08fc3353ca04,videoUnmute,reference/video/room-session/methods/video-unmute,realtime-sdk\pages\v3\tech-ref\video\roomsession\methods\videounmute.mdx,realtime-sdk
b10daf8c-2249-4b42-aa25-0c99c96dee86,Events,reference/voice/call/events,realtime-sdk\pages\v3\tech-ref\voice\call\events.mdx,realtime-sdk
71cb4e89-4b8b-4b3d-84f1-49b511714d62,amd,reference/voice/call/methods/amd,realtime-sdk\pages\v3\tech-ref\voice\call\methods\amd.mdx,realtime-sdk
5b95811e-2a1d-4c4e-b7c1-d811cf427f8e,answer,reference/voice/call/methods/answer,realtime-sdk\pages\v3\tech-ref\voice\call\methods\answer.mdx,realtime-sdk
90c9e334-38a1-4c57-b1d0-14da5aff751f,collect,reference/voice/call/methods/collect,realtime-sdk\pages\v3\tech-ref\voice\call\methods\collect.mdx,realtime-sdk
6d265e39-c574-43d9-85d8-ed7060fbf3c3,connect,reference/voice/call/methods/connect,realtime-sdk\pages\v3\tech-ref\voice\call\methods\connect.mdx,realtime-sdk
510fce50-36ba-4684-a891-b17922a7e61c,connectPhone,reference/voice/call/methods/connect-phone,realtime-sdk\pages\v3\tech-ref\voice\call\methods\connectphone.mdx,realtime-sdk
a7c85df3-69f0-4f9d-9f6c-56893e947b63,connectSip,reference/voice/call/methods/connect-sip,realtime-sdk\pages\v3\tech-ref\voice\call\methods\connectsip.mdx,realtime-sdk
fe33bb33-3197-4bad-9d1b-f2a52e1e8029,detect,reference/voice/call/methods/detect,realtime-sdk\pages\v3\tech-ref\voice\call\methods\detect.mdx,realtime-sdk
a6e94ca8-b836-4419-8ccf-9dc40c052b5b,detectAnsweringMachine,reference/voice/call/methods/detect-answering-machine,realtime-sdk\pages\v3\tech-ref\voice\call\methods\detectansweringmachine.mdx,realtime-sdk
685843a7-b2c0-43e1-9613-3983a32a9dbc,detectDigit,reference/voice/call/methods/detect-digit,realtime-sdk\pages\v3\tech-ref\voice\call\methods\detectdigit.mdx,realtime-sdk
2234678b-619e-4a9b-ba9f-c699fbf43ec2,detectFax,reference/voice/call/methods/detect-fax,realtime-sdk\pages\v3\tech-ref\voice\call\methods\detectfax.mdx,realtime-sdk
0e6912f8-bca1-4d72-acd2-8cc7379631d4,dial,reference/voice/call/methods/dial,realtime-sdk\pages\v3\tech-ref\voice\call\methods\dial.mdx,realtime-sdk
cc4cb64d-598c-4a33-9fe3-db9b1e2cc652,disconnect,reference/voice/call/methods/disconnect,realtime-sdk\pages\v3\tech-ref\voice\call\methods\disconnect.mdx,realtime-sdk
d07b8034-729f-4c80-a518-ba6c3dd8768e,disconnected,reference/voice/call/methods/disconnected,realtime-sdk\pages\v3\tech-ref\voice\call\methods\disconnected.mdx,realtime-sdk
f73e4e23-4db4-44c3-b201-d6754fb1f6dc,hangup,reference/voice/call/methods/hangup,realtime-sdk\pages\v3\tech-ref\voice\call\methods\hangup.mdx,realtime-sdk
b6af592d-7e0a-430e-8f68-07c7e53ba3dc,listen,reference/voice/call/methods/listen,realtime-sdk\pages\v3\tech-ref\voice\call\methods\listen.mdx,realtime-sdk
2a6996e9-e63c-4160-9d6e-2a1f697b30fd,off,reference/voice/call/methods/off,realtime-sdk\pages\v3\tech-ref\voice\call\methods\off.mdx,realtime-sdk
2094dc90-50e6-4fb0-a9b2-e63c691fb62b,on,reference/voice/call/methods/on,realtime-sdk\pages\v3\tech-ref\voice\call\methods\on.mdx,realtime-sdk
1493bbb9-03c4-41a9-ab9d-18dffe98b304,once,reference/voice/call/methods/once,realtime-sdk\pages\v3\tech-ref\voice\call\methods\once.mdx,realtime-sdk
549e8370-4d76-4e09-97a0-9c9da0e760b2,pass,reference/voice/call/methods/pass,realtime-sdk\pages\v3\tech-ref\voice\call\methods\pass.mdx,realtime-sdk
0b6a0b8f-06bd-46e6-8431-4a2e161103b7,play,reference/voice/call/methods/play,realtime-sdk\pages\v3\tech-ref\voice\call\methods\play.mdx,realtime-sdk
ad432230-6a9c-4d69-8b34-fab72c82795c,playAudio,reference/voice/call/methods/play-audio,realtime-sdk\pages\v3\tech-ref\voice\call\methods\playaudio.mdx,realtime-sdk
eaf3630c-6fc3-4ed1-a888-bbc916b31aad,playRingtone,reference/voice/call/methods/play-ringtone,realtime-sdk\pages\v3\tech-ref\voice\call\methods\playringtone.mdx,realtime-sdk
70de8feb-ecce-4ea3-80ad-6b1c3586e579,playSilence,reference/voice/call/methods/play-silence,realtime-sdk\pages\v3\tech-ref\voice\call\methods\playsilence.mdx,realtime-sdk
782a4d93-6e57-4ffc-a89b-9fe6c2b58ff7,playTTS,reference/voice/call/methods/play-tts,realtime-sdk\pages\v3\tech-ref\voice\call\methods\playtts.mdx,realtime-sdk
c183a387-a372-4e2b-8a9f-1b8cf6ce32f2,prompt,reference/voice/call/methods/prompt,realtime-sdk\pages\v3\tech-ref\voice\call\methods\prompt.mdx,realtime-sdk
fc308d18-8ed3-4a15-9f6b-f711a6514d6c,promptAudio,reference/voice/call/methods/prompt-audio,realtime-sdk\pages\v3\tech-ref\voice\call\methods\promptaudio.mdx,realtime-sdk
654a4127-b81b-4478-b979-790043519d20,promptRingtone,reference/voice/call/methods/prompt-ringtone,realtime-sdk\pages\v3\tech-ref\voice\call\methods\promptringtone.mdx,realtime-sdk
4e5f8d97-c320-4b79-a1ea-5e7f8c3868e6,promptTTS,reference/voice/call/methods/prompt-tts,realtime-sdk\pages\v3\tech-ref\voice\call\methods\prompttts.mdx,realtime-sdk
2061b059-0020-468c-880d-1a1b11c0948e,record,reference/voice/call/methods/record,realtime-sdk\pages\v3\tech-ref\voice\call\methods\record.mdx,realtime-sdk
0a5fc8f5-4b70-4cfe-84e0-defd71661405,recordAudio,reference/voice/call/methods/record-audio,realtime-sdk\pages\v3\tech-ref\voice\call\methods\recordaudio.mdx,realtime-sdk
019425a4-a538-4eda-893d-6b578bb1b74e,removeAllListeners,reference/voice/call/methods/remove-all-listeners,realtime-sdk\pages\v3\tech-ref\voice\call\methods\removealllisteners.mdx,realtime-sdk
b4ee23b0-4db2-414c-ad1f-b0159a13a6d2,sendDigits,reference/voice/call/methods/send-digits,realtime-sdk\pages\v3\tech-ref\voice\call\methods\senddigits.mdx,realtime-sdk
2d541a2b-c7cd-45bc-aa06-445234884152,tap,reference/voice/call/methods/tap,realtime-sdk\pages\v3\tech-ref\voice\call\methods\tap.mdx,realtime-sdk
5bf745a9-8589-4121-983c-47832903d647,tapAudio,reference/voice/call/methods/tap-audio,realtime-sdk\pages\v3\tech-ref\voice\call\methods\tapaudio.mdx,realtime-sdk
27a9913f-7130-4d4c-9469-dce6ed3617a8,waitFor,reference/voice/call/methods/wait-for,realtime-sdk\pages\v3\tech-ref\voice\call\methods\waitfor.mdx,realtime-sdk
fe82bca9-4fbb-4ddd-9d02-e12a35d84afb,~~waitForDisconnected~~,reference/voice/call/methods/~~wait-for-disconnected~~,realtime-sdk\pages\v3\tech-ref\voice\call\methods\~~waitfordisconnected~~.mdx,realtime-sdk
f5ac5044-4fbd-4c05-b5cf-a74d22bbf244,Events,reference/voice/client/events,realtime-sdk\pages\v3\tech-ref\voice\client\events.mdx,realtime-sdk
19febe54-0ed5-4aac-a7af-0f540e861d3d,dial,reference/voice/client/methods/dial,realtime-sdk\pages\v3\tech-ref\voice\client\methods\dial.mdx,realtime-sdk
77f42eae-308d-4a5c-b504-50f3c4701122,dialPhone,reference/voice/client/methods/dial-phone,realtime-sdk\pages\v3\tech-ref\voice\client\methods\dialphone.mdx,realtime-sdk
9f4fb6f0-c50a-4048-9d13-e3279e688c38,dialSip,reference/voice/client/methods/dial-sip,realtime-sdk\pages\v3\tech-ref\voice\client\methods\dialsip.mdx,realtime-sdk
d1167863-b2f7-4544-9606-7d2a7851ff17,disconnect,reference/voice/client/methods/disconnect,realtime-sdk\pages\v3\tech-ref\voice\client\methods\disconnect.mdx,realtime-sdk
f012403f-0c18-4ddb-944b-ec8839246104,listen,reference/voice/client/methods/listen,realtime-sdk\pages\v3\tech-ref\voice\client\methods\listen.mdx,realtime-sdk
03d03b18-1576-481e-ad26-2dd0214e19dc,off,reference/voice/client/methods/off,realtime-sdk\pages\v3\tech-ref\voice\client\methods\off.mdx,realtime-sdk
f50860c8-f8bd-41e5-b2cc-cb3622cae852,on,reference/voice/client/methods/on,realtime-sdk\pages\v3\tech-ref\voice\client\methods\on.mdx,realtime-sdk
a2c44bd4-879f-49b2-a585-8de566dd9414,once,reference/voice/client/methods/once,realtime-sdk\pages\v3\tech-ref\voice\client\methods\once.mdx,realtime-sdk
e66f8502-4b99-4bcb-9b9a-3a437f000a2b,removeAllListeners,reference/voice/client/methods/remove-all-listeners,realtime-sdk\pages\v3\tech-ref\voice\client\methods\removealllisteners.mdx,realtime-sdk
,Forwarding calls,/guides/recipes/forwarding-calls,swml\pages\guides\recipes\forwarding-calls.mdx,swml
,Making and receiving phone calls,/guides/recipes/making-and-receiving-calls,swml\pages\guides\recipes\making-and-receiving-calls.mdx,swml
,Recording calls,/guides/recipes/recording-calls,swml\pages\guides\recipes\recording-calls.mdx,swml
,Setting up voicemail,/guides/recipes/voicemail,swml\pages\guides\recipes\voicemail.mdx,swml
,Schema,/swml/schema,swml\pages\reference\schema.mdx,swml
